experiment;model;window;samples_summarized;accuracy_train;accuracy_test;presicion;recall;f1_score;train_acc_ten_above;train_test_hundred;f1_hundred;invalid_window
1;DT;200;26200;100.0;100.0;100.0;100.0;100.0;0;1;1;1
1;DUM;200;26200;50.10416666666667;53.75;52.89256198347108;54.23728813559322;53.55648535564853;0;0;0;0
1;KNN;200;26200;100.0;100.0;100.0;100.0;100.0;0;1;1;1
1;MLP;200;26200;100.0;100.0;100.0;100.0;100.0;0;1;1;1
1;NB;200;26200;100.0;100.0;100.0;100.0;100.0;0;1;1;1
1;RF;200;26200;50.208333333333336;49.16666666666666;49.16666666666666;100.0;65.92178770949721;0;0;0;0
1;SVM;200;26200;100.0;100.0;100.0;100.0;100.0;0;1;1;1
1;XGB;200;26200;50.208333333333336;49.16666666666666;49.16666666666666;100.0;65.92178770949721;0;0;0;0
1;DT;400;13100;100.0;100.0;100.0;100.0;100.0;0;1;1;1
1;DUM;400;13100;50.9375;52.083333333333336;50.42372881355932;51.293103448275865;50.85470085470085;0;0;0;0
1;KNN;400;13100;100.0;100.0;100.0;100.0;100.0;0;1;1;1
1;MLP;400;13100;100.0;100.0;100.0;100.0;100.0;0;1;1;1
1;NB;400;13100;100.0;100.0;100.0;100.0;100.0;0;1;1;1
1;RF;400;13100;50.41666666666666;48.333333333333336;48.333333333333336;100.0;65.1685393258427;0;0;0;0
1;SVM;400;13100;100.0;100.0;100.0;100.0;100.0;0;1;1;1
1;XGB;400;13100;50.41666666666666;48.333333333333336;48.333333333333336;100.0;65.1685393258427;0;0;0;0
1;DT;800;6550;100.0;100.0;100.0;100.0;100.0;0;1;1;1
1;DUM;800;6550;50.15625;47.8125;46.98544698544699;47.88135593220339;47.42917103882476;0;0;0;0
1;KNN;800;6550;100.0;100.0;100.0;100.0;100.0;0;1;1;1
1;MLP;800;6550;100.0;100.0;100.0;100.0;100.0;0;1;1;1
1;NB;800;6550;100.0;100.0;100.0;100.0;100.0;0;1;1;1
1;RF;800;6550;100.0;100.0;100.0;100.0;100.0;0;1;1;1
1;SVM;800;6550;100.0;100.0;100.0;100.0;100.0;0;1;1;1
1;XGB;800;6550;50.208333333333336;49.16666666666666;49.16666666666666;100.0;65.92178770949721;0;0;0;0
1;DT;1310;4000;100.0;100.0;100.0;100.0;100.0;0;1;1;1
1;DUM;1310;4000;49.475190839694655;50.76335877862596;50.0;50.258397932816536;50.128865979381445;0;0;0;0
1;KNN;1310;4000;100.0;100.0;100.0;100.0;100.0;0;1;1;1
1;MLP;1310;4000;100.0;100.0;100.0;100.0;100.0;0;1;1;1
1;NB;1310;4000;100.0;100.0;100.0;100.0;100.0;0;1;1;1
1;RF;1310;4000;100.0;100.0;100.0;100.0;100.0;0;1;1;1
1;SVM;1310;4000;100.0;100.0;100.0;100.0;100.0;0;1;1;1
1;XGB;1310;4000;100.0;100.0;100.0;100.0;100.0;0;1;1;1
1;DT;1600;3275;100.0;100.0;100.0;100.0;100.0;0;1;1;1
1;DUM;1600;3275;49.98697916666666;49.73958333333333;48.734177215189874;49.09670563230606;48.91476971942827;0;0;0;0
1;KNN;1600;3275;100.0;100.0;100.0;100.0;100.0;0;1;1;1
1;MLP;1600;3275;100.0;100.0;100.0;100.0;100.0;0;1;1;1
1;NB;1600;3275;100.0;100.0;100.0;100.0;100.0;0;1;1;1
1;RF;1600;3275;100.0;100.0;100.0;100.0;100.0;0;1;1;1
1;SVM;1600;3275;100.0;100.0;100.0;100.0;100.0;0;1;1;1
1;XGB;1600;3275;100.0;100.0;100.0;100.0;100.0;0;1;1;1
1;DT;3275;1600;100.0;100.0;100.0;100.0;100.0;0;1;1;1
1;DUM;3275;1600;50.1145038167939;50.203562340966926;50.27848101265823;50.45731707317073;50.36774029926452;0;0;0;0
1;KNN;3275;1600;100.0;100.0;100.0;100.0;100.0;0;1;1;1
1;MLP;3275;1600;100.0;100.0;100.0;100.0;100.0;0;1;1;1
1;NB;3275;1600;100.0;100.0;100.0;100.0;100.0;0;1;1;1
1;RF;3275;1600;100.0;100.0;100.0;100.0;100.0;0;1;1;1
1;SVM;3275;1600;100.0;100.0;100.0;100.0;100.0;0;1;1;1
1;XGB;3275;1600;99.98091603053436;100.0;100.0;100.0;100.0;0;0;1;1
1;DT;4000;1310;100.0;100.0;100.0;100.0;100.0;0;1;1;1
1;DUM;4000;1310;49.442708333333336;50.4375;50.62552126772311;50.39435450394355;50.509673392968594;0;0;0;0
1;KNN;4000;1310;100.0;100.0;100.0;100.0;100.0;0;1;1;1
1;MLP;4000;1310;100.0;100.0;100.0;100.0;100.0;0;1;1;1
1;NB;4000;1310;100.0;100.0;100.0;100.0;100.0;0;1;1;1
1;RF;4000;1310;100.0;100.0;100.0;100.0;100.0;0;1;1;1
1;SVM;4000;1310;100.0;100.0;100.0;100.0;100.0;0;1;1;1
1;XGB;4000;1310;100.0;100.0;100.0;100.0;100.0;0;1;1;1
1;DT;6550;800;100.0;100.0;100.0;100.0;100.0;0;1;1;1
1;DUM;6550;800;49.85368956743002;49.87277353689568;49.9485596707819;49.33943089430895;49.64212678936605;0;0;0;0
1;KNN;6550;800;100.0;100.0;100.0;100.0;100.0;0;1;1;1
1;MLP;6550;800;100.0;100.0;100.0;100.0;100.0;0;1;1;1
1;NB;6550;800;100.0;100.0;100.0;100.0;100.0;0;1;1;1
1;RF;6550;800;100.0;100.0;100.0;100.0;100.0;0;1;1;1
1;SVM;6550;800;100.0;100.0;100.0;100.0;100.0;0;1;1;1
1;XGB;6550;800;100.0;100.0;100.0;100.0;100.0;0;1;1;1
1;DT;13100;400;99.9984096692112;100.0;100.0;100.0;100.0;0;0;1;1
1;DUM;13100;400;50.0381679389313;49.764631043257;49.735649546827794;50.299172501591336;50.01582378631559;0;0;0;0
1;KNN;13100;400;100.0;100.0;100.0;100.0;100.0;0;1;1;1
1;MLP;13100;400;100.0;99.99363867684478;100.0;99.98726925525143;99.99363422242028;0;0;0;0
1;NB;13100;400;99.92843511450384;99.94910941475828;99.8982576624698;100.0;99.94910293930526;0;0;0;0
1;RF;13100;400;99.99045801526718;99.98091603053436;100.0;99.9618077657543;99.98090023556377;0;0;0;0
1;SVM;13100;400;100.0;100.0;100.0;100.0;100.0;0;1;1;1
1;XGB;13100;400;99.9984096692112;99.99363867684478;100.0;99.98726925525143;99.99363422242028;0;0;0;0
1;DT;26200;200;99.99125318066156;99.98727735368956;100.0;99.97481108312344;99.98740395515809;0;0;0;0
1;DUM;26200;200;49.93002544529262;49.920483460559794;50.43040234648984;49.80478589420655;50.1156417324082;0;0;0;0
1;KNN;26200;200;99.9984096692112;100.0;100.0;100.0;100.0;0;0;1;1
1;MLP;26200;200;99.95467557251908;99.94274809160304;99.94332493702773;99.94332493702773;99.94332493702773;0;0;0;0
1;NB;26200;200;99.49666030534353;99.5356234096692;99.08898040683889;100.0;99.5424058170877;0;0;0;0
1;RF;26200;200;99.98886768447836;99.98727735368956;99.99370197757904;99.98110831234256;99.98740474840984;0;0;0;0
1;SVM;26200;200;99.9984096692112;100.0;100.0;100.0;100.0;0;0;1;1
1;XGB;26200;200;99.98409669211196;99.97455470737914;99.98110593273712;99.96851385390428;99.97480949681967;0;0;0;0
2;DT;10;9680;100.0;90.0;90.0;100.0;93.33333333333333;1;4;4;5
2;DUM;10;9680;75.0;0.0;0.0;0.0;0.0;5;0;0;5
2;KNN;10;9680;100.0;100.0;100.0;100.0;100.0;0;5;5;5
2;MLP;10;9680;50.0;50.0;50.0;100.0;66.66666666666666;0;0;0;0
2;NB;10;9680;100.0;100.0;100.0;100.0;100.0;0;5;5;5
2;RF;10;9680;100.0;100.0;100.0;100.0;100.0;0;5;5;5
2;SVM;10;9680;100.0;100.0;100.0;100.0;100.0;0;5;5;5
2;XGB;10;9680;50.0;50.0;0.0;0.0;0.0;0;0;0;0
2;DT;11;8800;100.0;93.33333333333333;90.0;100.0;93.33333333333333;1;4;4;5
2;DUM;11;8800;52.222222222222214;26.666666666666664;20.0;20.0;20.0;4;0;1;5
2;KNN;11;8800;100.0;100.0;100.0;100.0;100.0;0;5;5;5
2;MLP;11;8800;52.222222222222214;43.33333333333333;36.666666666666664;80.0;49.99999999999999;2;0;0;2
2;NB;11;8800;100.0;100.0;100.0;100.0;100.0;0;5;5;5
2;RF;11;8800;100.0;100.0;100.0;100.0;100.0;0;5;5;5
2;SVM;11;8800;100.0;100.0;100.0;100.0;100.0;0;5;5;5
2;XGB;11;8800;52.222222222222214;43.33333333333333;6.666666666666666;20.0;10.0;2;0;0;2
2;DT;16;6050;100.0;95.0;93.33333333333333;100.0;96.0;1;4;4;5
2;DUM;16;6050;51.41025641025641;58.33333333333333;40.0;40.0;40.0;3;0;2;5
2;KNN;16;6050;100.0;100.0;100.0;100.0;100.0;0;5;5;5
2;MLP;16;6050;71.53846153846153;63.33333333333333;63.33333333333333;100.0;73.33333333333333;2;2;2;4
2;NB;16;6050;100.0;100.0;100.0;100.0;100.0;0;5;5;5
2;RF;16;6050;100.0;100.0;100.0;100.0;100.0;0;5;5;5
2;SVM;16;6050;100.0;100.0;100.0;100.0;100.0;0;5;5;5
2;XGB;16;6050;53.07692307692307;36.666666666666664;13.333333333333332;40.0;20.0;4;0;0;4
2;DT;20;4840;100.0;95.0;93.33333333333333;100.0;96.0;1;4;4;5
2;DUM;20;4840;50.0;25.0;0.0;0.0;0.0;5;0;0;5
2;KNN;20;4840;100.0;100.0;100.0;100.0;100.0;0;5;5;5
2;MLP;20;4840;50.0;50.0;50.0;100.0;66.66666666666666;0;0;0;0
2;NB;20;4840;100.0;100.0;100.0;100.0;100.0;0;5;5;5
2;RF;20;4840;100.0;100.0;100.0;100.0;100.0;0;5;5;5
2;SVM;20;4840;100.0;100.0;100.0;100.0;100.0;0;5;5;5
2;XGB;20;4840;100.0;95.0;100.0;90.0;93.33333333333333;1;4;4;5
2;DT;22;4400;100.0;95.0;93.33333333333333;100.0;96.0;1;4;4;5
2;DUM;22;4400;52.156862745098046;39.0;23.333333333333332;23.333333333333332;23.333333333333332;3;0;0;3
2;KNN;22;4400;100.0;100.0;100.0;100.0;100.0;0;5;5;5
2;MLP;22;4400;50.0;50.0;50.0;100.0;66.42857142857142;1;0;0;1
2;NB;22;4400;100.0;100.0;100.0;100.0;100.0;0;5;5;5
2;RF;22;4400;100.0;100.0;100.0;100.0;100.0;0;5;5;5
2;SVM;22;4400;100.0;100.0;100.0;100.0;100.0;0;5;5;5
2;XGB;22;4400;81.17647058823529;71.0;68.0;70.0;64.76190476190476;3;2;2;5
2;DT;25;3872;100.0;100.0;100.0;100.0;100.0;0;5;5;5
2;DUM;25;3872;54.904761904761905;61.33333333333333;60.0;60.0;60.0;0;0;0;0
2;KNN;25;3872;100.0;100.0;100.0;100.0;100.0;0;5;5;5
2;MLP;25;3872;50.0;50.0;50.0;100.0;66.19047619047619;2;0;0;2
2;NB;25;3872;100.0;100.0;100.0;100.0;100.0;0;5;5;5
2;RF;25;3872;100.0;100.0;100.0;100.0;100.0;0;5;5;5
2;SVM;25;3872;100.0;100.0;100.0;100.0;100.0;0;5;5;5
2;XGB;25;3872;100.0;96.0;100.0;93.33333333333333;96.0;1;4;4;5
2;DT;32;3025;100.0;97.14285714285714;95.0;100.0;97.14285714285714;1;4;4;5
2;DUM;32;3025;60.738461538461536;62.85714285714285;61.666666666666664;65.0;62.85714285714285;0;0;0;0
2;KNN;32;3025;100.0;100.0;100.0;100.0;100.0;0;5;5;5
2;MLP;32;3025;50.0;50.0;50.0;100.0;66.54545454545453;1;0;0;1
2;NB;32;3025;100.0;100.0;100.0;100.0;100.0;0;5;5;5
2;RF;32;3025;100.0;100.0;100.0;100.0;100.0;0;5;5;5
2;SVM;32;3025;100.0;100.0;100.0;100.0;100.0;0;5;5;5
2;XGB;32;3025;100.0;97.14285714285714;100.0;93.33333333333333;96.0;1;4;4;5
2;DT;40;2420;100.0;100.0;100.0;100.0;100.0;0;5;5;5
2;DUM;40;2420;56.25;75.0;75.0;75.0;75.0;0;0;0;0
2;KNN;40;2420;100.0;100.0;100.0;100.0;100.0;0;5;5;5
2;MLP;40;2420;50.0;50.0;50.0;100.0;66.66666666666666;0;0;0;0
2;NB;40;2420;100.0;100.0;100.0;100.0;100.0;0;5;5;5
2;RF;40;2420;100.0;100.0;100.0;100.0;100.0;0;5;5;5
2;SVM;40;2420;100.0;100.0;100.0;100.0;100.0;0;5;5;5
2;XGB;40;2420;100.0;97.5;100.0;95.0;97.14285714285714;1;4;4;5
2;DT;44;2200;100.0;100.0;100.0;100.0;100.0;0;5;5;5
2;DUM;44;2200;49.41269841269841;50.55555555555556;51.0;51.0;51.0;2;0;0;2
2;KNN;44;2200;100.0;100.0;100.0;100.0;100.0;0;5;5;5
2;MLP;44;2200;50.0;50.0;50.0;100.0;66.52014652014653;2;0;0;2
2;NB;44;2200;100.0;100.0;100.0;100.0;100.0;0;5;5;5
2;RF;44;2200;100.0;100.0;100.0;100.0;100.0;0;5;5;5
2;SVM;44;2200;100.0;100.0;100.0;100.0;100.0;0;5;5;5
2;XGB;44;2200;100.0;93.33333333333333;100.0;88.0;91.42857142857142;1;4;4;5
2;DT;50;1936;100.0;100.0;100.0;100.0;100.0;0;5;5;5
2;DUM;50;1936;50.0;50.0;50.0;40.0;44.44444444444444;0;0;0;0
2;KNN;50;1936;100.0;100.0;100.0;100.0;100.0;0;5;5;5
2;MLP;50;1936;50.0;50.0;50.0;100.0;66.66666666666666;0;0;0;0
2;NB;50;1936;100.0;100.0;100.0;100.0;100.0;0;5;5;5
2;RF;50;1936;100.0;100.0;100.0;100.0;100.0;0;5;5;5
2;SVM;50;1936;100.0;100.0;100.0;100.0;100.0;0;5;5;5
2;XGB;50;1936;100.0;98.0;100.0;96.0;97.77777777777779;1;4;4;5
2;DT;55;1760;100.0;100.0;100.0;100.0;100.0;0;5;5;5
2;DUM;55;1760;51.34343434343434;44.6969696969697;44.0;42.666666666666664;43.27272727272727;3;0;0;3
2;KNN;55;1760;100.0;100.0;100.0;100.0;100.0;0;5;5;5
2;MLP;55;1760;50.0;50.0;50.0;100.0;66.5686274509804;2;0;0;2
2;NB;55;1760;100.0;100.0;100.0;100.0;100.0;0;5;5;5
2;RF;55;1760;100.0;100.0;100.0;100.0;100.0;0;5;5;5
2;SVM;55;1760;100.0;100.0;100.0;100.0;100.0;0;5;5;5
2;XGB;55;1760;100.0;98.33333333333333;100.0;96.66666666666667;98.18181818181817;0;4;4;4
2;DT;80;1210;100.0;100.0;100.0;100.0;100.0;0;5;5;5
2;DUM;80;1210;48.4375;50.0;50.0;50.0;50.0;0;0;0;0
2;KNN;80;1210;100.0;100.0;100.0;100.0;100.0;0;5;5;5
2;MLP;80;1210;50.0;50.0;50.0;100.0;66.66666666666666;0;0;0;0
2;NB;80;1210;100.0;100.0;100.0;100.0;100.0;0;5;5;5
2;RF;80;1210;100.0;100.0;100.0;100.0;100.0;0;5;5;5
2;SVM;80;1210;100.0;100.0;100.0;100.0;100.0;0;5;5;5
2;XGB;80;1210;100.0;98.75;100.0;97.5;98.66666666666666;0;4;4;4
2;DT;88;1100;100.0;100.0;100.0;100.0;100.0;0;5;5;5
2;DUM;88;1100;49.71830985915493;54.50980392156863;54.44444444444444;54.722222222222214;54.50980392156863;0;0;0;0
2;KNN;88;1100;100.0;100.0;100.0;100.0;100.0;0;5;5;5
2;MLP;88;1100;50.0;50.0;50.0;100.0;66.64615384615384;0;0;0;0
2;NB;88;1100;100.0;100.0;100.0;100.0;100.0;0;5;5;5
2;RF;88;1100;100.0;100.0;100.0;100.0;100.0;0;5;5;5
2;SVM;88;1100;100.0;100.0;100.0;100.0;100.0;0;5;5;5
2;XGB;88;1100;100.0;98.82352941176471;100.0;97.77777777777779;98.82352941176471;0;4;4;4
2;DT;100;968;100.0;100.0;100.0;100.0;100.0;0;5;5;5
2;DUM;100;968;48.75;65.0;63.63636363636364;70.0;66.66666666666666;0;0;0;0
2;KNN;100;968;100.0;100.0;100.0;100.0;100.0;0;5;5;5
2;MLP;100;968;50.0;50.0;50.0;100.0;66.66666666666666;0;0;0;0
2;NB;100;968;100.0;100.0;100.0;100.0;100.0;0;5;5;5
2;RF;100;968;100.0;100.0;100.0;100.0;100.0;0;5;5;5
2;SVM;100;968;100.0;100.0;100.0;100.0;100.0;0;5;5;5
2;XGB;100;968;100.0;99.0;100.0;98.0;98.94736842105263;0;4;4;4
2;DT;110;880;100.0;100.0;100.0;100.0;100.0;0;5;5;5
2;DUM;110;880;46.590909090909086;59.0909090909091;58.333333333333336;63.63636363636364;60.86956521739131;0;0;0;0
2;KNN;110;880;100.0;100.0;100.0;100.0;100.0;0;5;5;5
2;MLP;110;880;50.0;50.0;50.0;100.0;66.66666666666666;0;0;0;0
2;NB;110;880;100.0;100.0;100.0;100.0;100.0;0;5;5;5
2;RF;110;880;100.0;100.0;100.0;100.0;100.0;0;5;5;5
2;SVM;110;880;100.0;100.0;100.0;100.0;100.0;0;5;5;5
2;XGB;110;880;100.0;98.18181818181817;100.0;96.36363636363636;98.0;1;4;4;5
2;DT;121;800;100.0;100.0;100.0;100.0;100.0;0;5;5;5
2;DUM;121;800;47.95707973911214;60.8;57.904761904761905;66.28205128205128;61.57066765762418;1;0;0;1
2;KNN;121;800;100.0;100.0;100.0;100.0;100.0;0;5;5;5
2;MLP;121;800;50.0;50.0;50.0;100.0;66.65718349928876;0;0;0;0
2;NB;121;800;100.0;100.0;100.0;100.0;100.0;0;5;5;5
2;RF;121;800;100.0;100.0;100.0;100.0;100.0;0;5;5;5
2;SVM;121;800;100.0;100.0;100.0;100.0;100.0;0;5;5;5
2;XGB;121;800;100.0;99.16666666666667;100.0;98.33333333333333;99.1304347826087;0;4;4;4
2;DT;160;605;100.0;100.0;100.0;100.0;100.0;0;5;5;5
2;DUM;160;605;46.875;56.25;55.55555555555556;62.5;58.82352941176471;0;0;0;0
2;KNN;160;605;100.0;100.0;100.0;100.0;100.0;0;5;5;5
2;MLP;160;605;50.0;50.0;50.0;100.0;66.66666666666666;0;0;0;0
2;NB;160;605;100.0;100.0;100.0;100.0;100.0;0;5;5;5
2;RF;160;605;100.0;100.0;100.0;100.0;100.0;0;5;5;5
2;SVM;160;605;100.0;100.0;100.0;100.0;100.0;0;5;5;5
2;XGB;160;605;100.0;99.375;100.0;98.75;99.35483870967741;0;4;4;4
2;DT;176;550;100.0;100.0;100.0;100.0;100.0;0;5;5;5
2;DUM;176;550;49.28774062816616;51.698412698412696;51.578947368421055;52.41830065359477;51.85656244479774;0;0;0;0
2;KNN;176;550;100.0;100.0;100.0;100.0;100.0;0;5;5;5
2;MLP;176;550;50.0;50.0;50.0;100.0;66.65699080793419;0;0;0;0
2;NB;176;550;100.0;100.0;100.0;100.0;100.0;0;5;5;5
2;RF;176;550;100.0;100.0;100.0;100.0;100.0;0;5;5;5
2;SVM;176;550;100.0;100.0;100.0;100.0;100.0;0;5;5;5
2;XGB;176;550;100.0;99.42857142857142;100.0;98.88888888888889;99.42857142857142;0;4;4;4
2;DT;200;484;100.0;100.0;100.0;100.0;100.0;0;5;5;5
2;DUM;200;484;49.375;50.0;50.0;55.000000000000014;52.38095238095239;0;0;0;0
2;KNN;200;484;100.0;100.0;100.0;100.0;100.0;0;5;5;5
2;MLP;200;484;50.0;50.0;50.0;100.0;66.66666666666666;0;0;0;0
2;NB;200;484;100.0;100.0;100.0;100.0;100.0;0;5;5;5
2;RF;200;484;100.0;100.0;100.0;100.0;100.0;0;5;5;5
2;SVM;200;484;100.0;100.0;100.0;100.0;100.0;0;5;5;5
2;XGB;200;484;100.0;99.5;100.0;99.0;99.48717948717949;0;4;4;4
2;DT;220;440;100.0;100.0;100.0;100.0;100.0;0;5;5;5
2;DUM;220;440;49.43181818181818;52.27272727272727;52.0;59.0909090909091;55.31914893617021;0;0;0;0
2;KNN;220;440;100.0;100.0;100.0;100.0;100.0;0;5;5;5
2;MLP;220;440;50.0;50.0;50.0;100.0;66.66666666666666;0;0;0;0
2;NB;220;440;100.0;100.0;100.0;100.0;100.0;0;5;5;5
2;RF;220;440;100.0;100.0;100.0;100.0;100.0;0;5;5;5
2;SVM;220;440;100.0;100.0;100.0;100.0;100.0;0;5;5;5
2;XGB;220;440;100.0;99.54545454545455;100.0;99.0909090909091;99.53488372093024;0;4;4;4
2;DT;242;400;100.0;100.0;100.0;100.0;100.0;0;5;5;5
2;DUM;242;400;49.89637305699482;48.34183673469388;48.68686868686869;52.1;50.212765957446805;1;0;0;1
2;KNN;242;400;100.0;100.0;100.0;100.0;100.0;0;5;5;5
2;MLP;242;400;50.0;50.0;50.0;100.0;66.66419844502036;0;0;0;0
2;NB;242;400;100.0;100.0;100.0;100.0;100.0;0;5;5;5
2;RF;242;400;100.0;100.0;100.0;100.0;100.0;0;5;5;5
2;SVM;242;400;100.0;100.0;100.0;100.0;100.0;0;5;5;5
2;XGB;242;400;100.0;99.58333333333333;100.0;99.16666666666667;99.57446808510637;0;4;4;4
2;DT;275;352;100.0;100.0;100.0;100.0;100.0;0;5;5;5
2;DUM;275;352;49.54463183874948;49.29870129870129;49.4179894179894;49.2063492063492;49.29870129870129;0;0;0;0
2;KNN;275;352;100.0;100.0;100.0;100.0;100.0;0;5;5;5
2;MLP;275;352;50.0;50.0;50.0;100.0;66.66274855519639;0;0;0;0
2;NB;275;352;100.0;100.0;100.0;100.0;100.0;0;5;5;5
2;RF;275;352;100.0;100.0;100.0;100.0;100.0;0;5;5;5
2;SVM;275;352;100.0;100.0;100.0;100.0;100.0;0;5;5;5
2;XGB;275;352;100.0;99.63636363636364;100.0;99.25925925925927;99.62264150943396;0;4;4;4
2;DT;352;275;100.0;100.0;100.0;100.0;100.0;0;5;5;5
2;DUM;352;275;47.16286817596729;50.28169014084507;50.303030303030305;52.873015873015866;51.49890808020647;0;0;0;0
2;KNN;352;275;100.0;100.0;100.0;100.0;100.0;0;5;5;5
2;MLP;352;275;50.0;50.0;50.0;100.0;66.66549109504496;0;0;0;0
2;NB;352;275;100.0;100.0;100.0;100.0;100.0;0;5;5;5
2;RF;352;275;100.0;100.0;100.0;100.0;100.0;0;5;5;5
2;SVM;352;275;100.0;100.0;100.0;100.0;100.0;0;5;5;5
2;XGB;352;275;100.0;99.71428571428571;100.0;99.42857142857142;99.71014492753622;0;4;4;4
2;DT;400;242;100.0;100.0;100.0;100.0;100.0;0;5;5;5
2;DUM;400;242;45.0;48.75;48.837209302325576;52.5;50.60240963855421;0;0;0;0
2;KNN;400;242;100.0;100.0;100.0;100.0;100.0;0;5;5;5
2;MLP;400;242;50.0;50.0;50.0;100.0;66.66666666666666;0;0;0;0
2;NB;400;242;100.0;100.0;100.0;100.0;100.0;0;5;5;5
2;RF;400;242;100.0;100.0;100.0;100.0;100.0;0;5;5;5
2;SVM;400;242;100.0;100.0;100.0;100.0;100.0;0;5;5;5
2;XGB;400;242;100.0;99.5;100.0;99.0;99.48717948717949;0;4;4;4
2;DT;440;220;100.0;100.0;100.0;100.0;100.0;0;5;5;5
2;DUM;440;220;45.73863636363637;46.590909090909086;46.80851063829788;50.0;48.35164835164835;0;0;0;0
2;KNN;440;220;100.0;100.0;100.0;100.0;100.0;0;5;5;5
2;MLP;440;220;50.0;50.0;50.0;100.0;66.66666666666666;0;0;0;0
2;NB;440;220;100.0;100.0;100.0;100.0;100.0;0;5;5;5
2;RF;440;220;100.0;100.0;100.0;100.0;100.0;0;5;5;5
2;SVM;440;220;100.0;100.0;100.0;100.0;100.0;0;5;5;5
2;XGB;440;220;100.0;99.77272727272728;100.0;99.54545454545455;99.77011494252874;0;4;4;4
2;DT;484;200;100.0;100.0;100.0;100.0;100.0;0;5;5;5
2;DUM;484;200;49.329630517595035;49.57903780068729;49.72765957446809;49.97448979591837;49.82993197278911;0;0;0;0
2;KNN;484;200;100.0;100.0;100.0;100.0;100.0;0;5;5;5
2;MLP;484;200;50.00000000000001;50.0;50.0;100.0;66.66540702251613;0;0;0;0
2;NB;484;200;100.0;100.0;100.0;100.0;100.0;0;5;5;5
2;RF;484;200;100.0;100.0;100.0;100.0;100.0;0;5;5;5
2;SVM;484;200;100.0;100.0;100.0;100.0;100.0;0;5;5;5
2;XGB;484;200;100.0;100.0;100.0;100.0;100.0;0;5;5;5
2;DT;550;176;100.0;100.0;100.0;100.0;100.0;0;5;5;5
2;DUM;550;176;47.95454545454545;52.72727272727273;52.54237288135594;56.36363636363636;54.38596491228071;0;0;0;0
2;KNN;550;176;100.0;100.0;100.0;100.0;100.0;0;5;5;5
2;MLP;550;176;100.0;100.0;100.0;100.0;100.0;0;5;5;5
2;NB;550;176;100.0;100.0;100.0;100.0;100.0;0;5;5;5
2;RF;550;176;100.0;100.0;100.0;100.0;100.0;0;5;5;5
2;SVM;550;176;100.0;100.0;100.0;100.0;100.0;0;5;5;5
2;XGB;550;176;100.0;99.81818181818183;100.0;99.63636363636364;99.81651376146789;0;4;4;4
2;DT;605;160;100.0;100.0;100.0;100.0;100.0;0;5;5;5
2;DUM;605;160;49.5456249467496;49.01368378268528;49.08146528157464;49.169398907103826;49.11395441823271;0;0;0;0
2;KNN;605;160;100.0;100.0;100.0;100.0;100.0;0;5;5;5
2;MLP;605;160;100.0;100.0;100.0;100.0;100.0;0;5;5;5
2;NB;605;160;100.0;100.0;100.0;100.0;100.0;0;5;5;5
2;RF;605;160;100.0;100.0;100.0;100.0;100.0;0;5;5;5
2;SVM;605;160;100.0;100.0;100.0;100.0;100.0;0;5;5;5
2;XGB;605;160;100.0;99.83471074380165;100.0;99.66666666666666;99.83193277310924;0;4;4;4
2;DT;800;121;100.0;100.0;100.0;100.0;100.0;0;5;5;5
2;DUM;800;121;50.78125;49.375;49.41176470588236;52.5;50.90909090909091;0;0;0;0
2;KNN;800;121;100.0;100.0;100.0;100.0;100.0;0;5;5;5
2;MLP;800;121;100.0;100.0;100.0;100.0;100.0;0;5;5;5
2;NB;800;121;100.0;100.0;100.0;100.0;100.0;0;5;5;5
2;RF;800;121;100.0;100.0;100.0;100.0;100.0;0;5;5;5
2;SVM;800;121;100.0;100.0;100.0;100.0;100.0;0;5;5;5
2;XGB;800;121;100.0;99.625;100.0;99.25;99.61783439490446;0;4;4;4
2;DT;880;110;100.0;100.0;100.0;100.0;100.0;0;5;5;5
2;DUM;880;110;51.2784090909091;49.43181818181818;49.46236559139785;52.27272727272727;50.82872928176796;0;0;0;0
2;KNN;880;110;100.0;100.0;100.0;100.0;100.0;0;5;5;5
2;MLP;880;110;100.0;100.0;100.0;100.0;100.0;0;5;5;5
2;NB;880;110;100.0;100.0;100.0;100.0;100.0;0;5;5;5
2;RF;880;110;100.0;100.0;100.0;100.0;100.0;0;5;5;5
2;SVM;880;110;100.0;100.0;100.0;100.0;100.0;0;5;5;5
2;XGB;880;110;100.0;99.88636363636363;100.0;99.77272727272728;99.88571428571429;0;4;4;4
2;DT;968;100;100.0;100.0;100.0;100.0;100.0;0;5;5;5
2;DUM;968;100;50.56844211052764;50.10362694300518;50.10752688172043;51.03522336769759;50.5556712666365;0;0;0;0
2;KNN;968;100;100.0;100.0;100.0;100.0;100.0;0;5;5;5
2;MLP;968;100;100.0;100.0;100.0;100.0;100.0;0;5;5;5
2;NB;968;100;100.0;100.0;100.0;100.0;100.0;0;5;5;5
2;RF;968;100;100.0;100.0;100.0;100.0;100.0;0;5;5;5
2;SVM;968;100;100.0;100.0;100.0;100.0;100.0;0;5;5;5
2;XGB;968;100;100.0;100.0;100.0;100.0;100.0;0;5;5;5
2;DT;1100;88;100.0;99.81818181818183;99.81981981981981;99.81818181818183;99.81817806153019;0;3;3;3
2;DUM;1100;88;51.249999999999986;46.81818181818182;46.84684684684685;47.27272727272727;47.05882352941176;0;0;0;0
2;KNN;1100;88;100.0;100.0;100.0;100.0;100.0;0;5;5;5
2;MLP;1100;88;100.0;100.0;100.0;100.0;100.0;0;5;5;5
2;NB;1100;88;100.0;100.0;100.0;100.0;100.0;0;5;5;5
2;RF;1100;88;100.0;99.9090909090909;99.81981981981981;100.0;99.90950226244344;0;4;4;4
2;SVM;1100;88;100.0;100.0;100.0;100.0;100.0;0;5;5;5
2;XGB;1100;88;100.0;99.72727272727272;100.0;99.45454545454547;99.72518956055464;0;3;3;3
2;DT;1210;80;100.0;99.91735537190083;100.0;99.83471074380165;99.91701244813278;0;4;4;4
2;DUM;1210;80;52.06611570247934;48.7603305785124;48.7603305785124;48.7603305785124;48.7603305785124;0;0;0;0
2;KNN;1210;80;100.0;100.0;100.0;100.0;100.0;0;5;5;5
2;MLP;1210;80;99.91735537190083;99.91735537190083;100.0;99.83471074380165;99.91701244813278;0;0;4;4
2;NB;1210;80;100.0;100.0;100.0;100.0;100.0;0;5;5;5
2;RF;1210;80;100.0;99.91735537190083;100.0;99.83471074380165;99.91701244813278;0;4;4;4
2;SVM;1210;80;100.0;100.0;100.0;100.0;100.0;0;5;5;5
2;XGB;1210;80;100.0;99.75206611570249;100.0;99.50413223140497;99.75034578146611;0;3;3;3
2;DT;1760;55;99.68750000000001;99.54545454545455;99.55181011899126;99.54545454545455;99.54542886394323;0;0;1;1
2;DUM;1760;55;49.715909090909086;45.73863636363637;45.614035087719294;44.31818181818182;44.95677233429395;0;0;0;0
2;KNN;1760;55;99.94318181818183;99.94318181818183;99.88700564971751;100.0;99.94334277620396;0;0;4;4
2;MLP;1760;55;99.94318181818183;99.94318181818183;99.88700564971751;100.0;99.94334277620396;0;0;4;4
2;NB;1760;55;99.94318181818183;99.94318181818183;99.88700564971751;100.0;99.94334277620396;0;0;4;4
2;RF;1760;55;99.78693181818183;99.60227272727272;99.66480446927375;99.54545454545455;99.60208608773925;0;0;2;2
2;SVM;1760;55;99.94318181818183;99.94318181818183;99.88700564971751;100.0;99.94334277620396;0;0;4;4
2;XGB;1760;55;99.63068181818183;99.54545454545455;99.66480446927375;99.43181818181817;99.54412080104164;0;0;2;2
2;DT;1936;50;99.47055948407157;99.43179093742508;99.28199648768086;99.5860263874793;99.43229681629424;0;0;1;1
2;DUM;1936;50;49.974176888315036;49.53634886384826;49.44792633662515;49.26926980396346;49.350337595698406;0;0;0;0
2;KNN;1936;50;99.94835377663009;99.94845360824743;99.89743589743588;100.0;99.94858611825194;0;0;4;4
2;MLP;1936;50;99.89669087166347;99.84509443512081;99.89743589743588;99.79381443298969;99.84522694512532;0;0;2;2
2;NB;1936;50;99.89669921246181;99.89677402168412;99.79434311393075;100.0;99.89690653168861;0;0;3;3
2;RF;1936;50;99.66426618490215;99.53528330536241;99.58815206836145;99.48453608247424;99.53514873029458;0;0;1;1
2;SVM;1936;50;99.9354422207876;99.89677402168412;99.79434311393075;100.0;99.89690653168861;0;0;3;3
2;XGB;1936;50;99.26394956819686;99.27715176216734;99.28152260111024;99.27781635596389;99.27781155167565;0;0;0;0
2;DT;2200;44;99.63636363636363;99.5;99.9090909090909;99.0909090909091;99.49718872627102;0;0;0;0
2;DUM;2200;44;49.88636363636363;47.95454545454545;47.88732394366197;46.36363636363636;47.11316397228637;0;0;0;0
2;KNN;2200;44;99.87499999999999;99.86363636363637;99.81981981981981;99.9090909090909;99.86394417588306;0;0;3;3
2;MLP;2200;44;99.9090909090909;99.9090909090909;99.90950226244344;99.9090909090909;99.90909043951673;0;0;3;3
2;NB;2200;44;99.9090909090909;99.9090909090909;99.81981981981981;100.0;99.90950226244344;0;0;4;4
2;RF;2200;44;99.23863636363635;99.04545454545455;98.64900836705002;99.45454545454547;99.04904480207351;0;0;0;0
2;SVM;2200;44;99.86363636363635;99.86363636363637;99.81981981981981;99.9090909090909;99.86394417588306;0;0;3;3
2;XGB;2200;44;99.0;98.86363636363636;98.29940561933623;99.45454545454547;98.87109159873584;0;0;0;0
2;DT;2420;40;99.48347107438016;99.3388429752066;99.66872138626664;99.00826446280993;99.3364371728018;0;0;0;0
2;DUM;2420;40;48.91528925619835;48.14049586776859;48.06866952789699;46.28099173553719;47.1578947368421;0;0;0;0
2;KNN;2420;40;99.81404958677686;99.75206611570248;99.83505084515187;99.6694214876033;99.75189465601429;0;0;0;0
2;MLP;2420;40;99.74173553719007;99.6694214876033;99.75274631840288;99.58677685950413;99.66890390695451;0;0;2;2
2;NB;2420;40;99.6590909090909;99.58677685950413;99.34459134797413;99.83471074380165;99.58830556678217;0;0;0;0
2;RF;2420;40;98.69834710743802;98.63636363636365;97.9696093335614;99.33884297520663;98.64725718681927;0;0;0;0
2;SVM;2420;40;99.78305785123966;99.71074380165288;99.83505084515187;99.58677685950413;99.7103149716419;0;0;0;0
2;XGB;2420;40;98.70867768595042;98.63636363636365;98.04537799525268;99.25619834710746;98.64575780531416;0;0;0;0
2;DT;3025;32;99.48777740227554;99.14082317322642;99.27238144828581;99.00880816558477;99.13961289273104;0;0;0;0
2;DUM;3025;32;50.099166726405656;50.19812890379947;50.21262745056016;49.89967870959281;50.045010871121335;0;0;0;0
2;KNN;3025;32;99.70258174854322;99.6695851403322;99.80154306821412;99.537298100671;99.66909164609409;0;0;0;0
2;MLP;3025;32;99.63648311434726;99.6364727381829;99.7361892864086;99.537298100671;99.63592178307228;0;0;0;0
2;NB;3025;32;99.62822206519402;99.63652728909253;99.60547457559326;99.66974843179682;99.63701555115878;0;0;0;0
2;RF;3025;32;98.45505750304669;98.34765294711289;97.41373217288562;99.3392782986908;98.3653367474403;0;0;0;0
2;SVM;3025;32;99.70258174854322;99.70264299157188;99.80176163311697;99.6035232662339;99.70225896041734;0;0;0;0
2;XGB;3025;32;98.38895545519405;98.31464964678287;97.35285660312265;99.33949686359364;98.33343898307012;0;0;0;0
2;DT;3872;25;98.92820537086536;98.8120030007502;99.01495115237222;98.60491755241216;98.80820383128574;0;0;0;0
2;DUM;3872;25;50.04519252997496;50.516829207301825;50.525789950444924;50.20685154106396;50.364968364968355;0;0;0;0
2;KNN;3872;25;99.43182483808963;99.30272568142036;99.32935179592084;99.2764857881137;99.30201954859737;0;0;0;0
2;MLP;3872;25;99.25103178840057;99.19936650829375;99.48118119465161;98.91486187698129;99.19651557604264;0;0;0;0
2;NB;3872;25;98.80553099867778;98.78622989080603;98.66190647324305;98.91512826660275;98.78802664882278;0;0;0;0
2;RF;3872;25;98.04364497765701;97.98552971576228;97.06198273338025;98.9666746583553;98.00478411038189;0;0;0;0
2;SVM;3872;25;99.34143144003454;99.2769525714762;99.48132137740825;99.07003383148194;99.27501105824977;0;0;0;0
2;XGB;3872;25;97.95971361110203;97.93388347086771;97.20199528201894;98.70827672553877;97.94890348682827;0;0;0;0
2;DT;4400;22;98.50568181818181;98.29545454545455;98.54582103263567;98.04545454545453;98.29138785163266;0;0;0;0
2;DUM;4400;22;49.715909090909086;51.249999999999986;51.258581235697946;50.90909090909091;51.08323831242873;0;0;0;0
2;KNN;4400;22;99.19886363636364;99.0;99.31482033676056;98.68181818181819;98.99578340287687;0;0;0;0
2;MLP;4400;22;98.82386363636364;98.77272727272728;99.08777434100514;98.45454545454545;98.76756048775738;0;0;0;0
2;NB;4400;22;98.2840909090909;98.3409090909091;98.23549868658668;98.45454545454545;98.34302359103177;0;0;0;0
2;RF;4400;22;97.67045454545455;97.56818181818181;97.08438021991012;98.0909090909091;97.58153457052322;0;0;0;0
2;SVM;4400;22;99.02272727272728;98.88636363636364;99.00041992665119;98.77272727272728;98.88440134091397;0;0;0;0
2;XGB;4400;22;97.5965909090909;97.47727272727272;97.07944390353339;97.9090909090909;97.48835754577178;0;0;0;0
2;DT;4840;20;97.93388429752066;97.45867768595042;97.65764412242643;97.27272727272728;97.45233611018631;0;0;0;0
2;DUM;4840;20;50.72314049586777;52.06611570247934;52.057613168724274;52.27272727272727;52.16494845360826;0;0;0;0
2;KNN;4840;20;98.85847107438016;98.49173553719008;98.55779291038894;98.4297520661157;98.49155457183184;0;0;0;0
2;MLP;4840;20;98.32128099173553;98.26446280991738;98.70960031352986;97.80991735537191;98.25506352782547;0;0;0;0
2;NB;4840;20;97.65495867768595;97.64462809917356;98.0506954550023;97.2314049586777;97.6344255758666;0;0;0;0
2;RF;4840;20;97.19008264462809;97.10743801652893;96.85021807363424;97.39669421487604;97.11800317888017;0;0;0;0
2;SVM;4840;20;98.60537190082644;98.53305785123968;98.79689500489417;98.26446280991736;98.5288267736516;0;0;0;0
2;XGB;4840;20;97.07644628099175;97.06611570247934;97.00117967712758;97.14876033057851;97.07070412637171;0;0;0;0
2;DT;6050;16;97.23553719008265;96.80991735537191;96.70430472232593;96.92561983471074;96.80780711372111;0;0;0;0
2;DUM;6050;16;50.45454545454545;50.66115702479339;50.67340067340067;49.75206611570248;50.20850708924104;0;0;0;0
2;KNN;6050;16;98.07438016528927;97.30578512396694;97.92769216652069;96.66115702479338;97.28386674502826;0;0;0;0
2;MLP;6050;16;97.55371900826447;97.53719008264463;98.06268892048053;96.99173553719008;97.52053872305312;0;0;0;0
2;NB;6050;16;96.88842975206612;96.87603305785125;97.7790239535691;95.93388429752065;96.84431528489193;0;0;0;0
2;RF;6050;16;95.55785123966942;95.43801652892562;94.18295555027085;96.85950413223141;95.50000749457493;0;0;0;0
2;SVM;6050;16;97.7892561983471;97.78512396694215;98.39359255228692;97.15702479338843;97.76853506417815;0;0;0;0
2;XGB;6050;16;95.47933884297518;95.1900826446281;94.54722198867003;95.93388429752065;95.21755187890012;0;0;0;0
2;DT;8800;11;95.18181818181819;94.75;94.05312598919924;95.56818181818181;94.78927876891328;0;0;0;0
2;DUM;8800;11;51.07954545454545;49.88636363636363;49.88532110091743;49.43181818181818;49.65753424657534;0;0;0;0
2;KNN;8800;11;96.21306818181819;94.86363636363636;96.06309190744892;93.56818181818183;94.79568700350906;0;0;0;0
2;MLP;8800;11;95.03977272727273;94.92045454545455;96.11543089051332;93.63636363636363;94.85517492671879;0;0;0;0
2;NB;8800;11;93.51704545454547;93.49999999999999;95.9758658863615;90.81818181818181;93.31979040801414;0;0;0;0
2;RF;8800;11;93.74147727272728;93.5;92.95810420181286;94.13636363636365;93.54086533890803;0;0;0;0
2;SVM;8800;11;95.52272727272728;95.4659090909091;96.92856051545895;93.9090909090909;95.39397068410135;0;0;0;0
2;XGB;8800;11;93.60511363636365;93.36363636363636;93.04407787301587;93.75;93.38816100209287;0;0;0;0
2;DT;9680;10;94.62551652892562;94.32851239669421;94.15835440456813;94.54545454545455;94.33556007693387;0;0;0;0
2;DUM;9680;10;50.51652892561983;48.91528925619835;48.89589905362776;48.03719008264463;48.4627410109432;0;0;0;0
2;KNN;9680;10;95.76446280991736;94.62809917355372;96.11926251291023;93.01652892561984;94.53966868017945;0;0;0;0
2;MLP;9680;10;94.28202479338843;94.22520661157026;95.53863780992049;92.7892561983471;94.14186957514684;0;0;0;0
2;NB;9680;10;92.7634297520661;92.68595041322314;95.65337823457813;89.44214876033058;92.44087194671414;0;0;0;0
2;RF;9680;10;93.32128099173553;93.17148760330579;92.79659096255799;93.61570247933885;93.2021771108543;0;0;0;0
2;SVM;9680;10;94.90702479338843;94.77272727272728;96.32517514718116;93.09917355371901;94.6831583805685;0;0;0;0
2;XGB;9680;10;93.1379132231405;93.00619834710744;92.79123828265442;93.26446280991735;93.02467491853669;0;0;0;0
3;DT;12;1824;100.0;100.0;100.0;100.0;100.0;0;5;5;5
3;DUM;12;1824;52.222222222222214;26.666666666666664;20.0;20.0;20.0;4;0;1;5
3;KNN;12;1824;100.0;100.0;100.0;100.0;100.0;0;5;5;5
3;MLP;12;1824;52.222222222222214;43.33333333333333;36.666666666666664;80.0;49.99999999999999;2;0;0;2
3;NB;12;1824;100.0;100.0;100.0;100.0;100.0;0;5;5;5
3;RF;12;1824;100.0;100.0;100.0;100.0;100.0;0;5;5;5
3;SVM;12;1824;100.0;100.0;100.0;100.0;100.0;0;5;5;5
3;XGB;12;1824;52.222222222222214;43.33333333333333;6.666666666666666;20.0;10.0;2;0;0;2
3;DT;16;1368;100.0;100.0;100.0;100.0;100.0;0;5;5;5
3;DUM;16;1368;51.41025641025641;58.33333333333333;40.0;40.0;40.0;3;0;2;5
3;KNN;16;1368;100.0;100.0;100.0;100.0;100.0;0;5;5;5
3;MLP;16;1368;71.53846153846153;63.33333333333333;63.33333333333333;100.0;73.33333333333333;2;2;2;4
3;NB;16;1368;100.0;100.0;100.0;100.0;100.0;0;5;5;5
3;RF;16;1368;100.0;100.0;100.0;100.0;100.0;0;5;5;5
3;SVM;16;1368;100.0;100.0;100.0;100.0;100.0;0;5;5;5
3;XGB;16;1368;53.07692307692307;36.666666666666664;13.333333333333332;40.0;20.0;4;0;0;4
3;DT;18;1216;100.0;100.0;100.0;100.0;100.0;0;5;5;5
3;DUM;18;1216;40.095238095238095;41.666666666666664;20.0;20.0;20.0;4;0;1;5
3;KNN;18;1216;100.0;100.0;100.0;100.0;100.0;0;5;5;5
3;MLP;18;1216;59.33333333333333;56.666666666666664;56.666666666666664;100.0;70.0;1;0;1;2
3;NB;18;1216;100.0;100.0;100.0;100.0;100.0;0;5;5;5
3;RF;18;1216;100.0;100.0;100.0;100.0;100.0;0;5;5;5
3;SVM;18;1216;100.0;100.0;100.0;100.0;100.0;0;5;5;5
3;XGB;18;1216;51.333333333333336;43.33333333333333;6.666666666666666;20.0;10.0;2;0;0;2
3;DT;19;1152;100.0;100.0;100.0;100.0;100.0;0;5;5;5
3;DUM;19;1152;50.0;25.0;0.0;0.0;0.0;5;0;0;5
3;KNN;19;1152;100.0;100.0;100.0;100.0;100.0;0;5;5;5
3;MLP;19;1152;50.0;50.0;50.0;100.0;66.66666666666666;0;0;0;0
3;NB;19;1152;100.0;100.0;100.0;100.0;100.0;0;5;5;5
3;RF;19;1152;100.0;100.0;100.0;100.0;100.0;0;5;5;5
3;SVM;19;1152;100.0;100.0;100.0;100.0;100.0;0;5;5;5
3;XGB;19;1152;100.0;95.0;100.0;90.0;93.33333333333333;1;4;4;5
3;DT;24;912;100.0;100.0;100.0;100.0;100.0;0;5;5;5
3;DUM;24;912;50.89473684210526;53.0;46.666666666666664;46.666666666666664;46.666666666666664;1;0;0;1
3;KNN;24;912;100.0;100.0;100.0;100.0;100.0;0;5;5;5
3;MLP;24;912;50.0;50.0;50.0;100.0;66.19047619047619;2;0;0;2
3;NB;24;912;100.0;100.0;100.0;100.0;100.0;0;5;5;5
3;RF;24;912;100.0;100.0;100.0;100.0;100.0;0;5;5;5
3;SVM;24;912;100.0;100.0;100.0;100.0;100.0;0;5;5;5
3;XGB;24;912;100.0;92.0;80.0;80.0;80.0;1;4;4;5
3;DT;32;684;100.0;100.0;100.0;100.0;100.0;0;5;5;5
3;DUM;32;684;60.738461538461536;62.85714285714285;61.666666666666664;65.0;62.85714285714285;0;0;0;0
3;KNN;32;684;100.0;100.0;100.0;100.0;100.0;0;5;5;5
3;MLP;32;684;50.0;50.0;50.0;100.0;66.54545454545453;1;0;0;1
3;NB;32;684;100.0;100.0;100.0;100.0;100.0;0;5;5;5
3;RF;32;684;100.0;100.0;100.0;100.0;100.0;0;5;5;5
3;SVM;32;684;100.0;100.0;100.0;100.0;100.0;0;5;5;5
3;XGB;32;684;100.0;97.14285714285714;100.0;95.0;97.14285714285714;1;4;4;5
3;DT;36;608;100.0;100.0;100.0;100.0;100.0;0;5;5;5
3;DUM;36;608;54.23645320197045;60.71428571428571;58.33333333333333;65.0;60.71428571428571;2;0;0;2
3;KNN;36;608;100.0;100.0;100.0;100.0;100.0;0;5;5;5
3;MLP;36;608;50.0;49.99999999999999;49.99999999999999;100.0;66.42424242424242;2;0;0;2
3;NB;36;608;100.0;100.0;100.0;100.0;100.0;0;5;5;5
3;RF;36;608;100.0;100.0;100.0;100.0;100.0;0;5;5;5
3;SVM;36;608;100.0;100.0;100.0;100.0;100.0;0;5;5;5
3;XGB;36;608;100.0;97.14285714285714;100.0;95.0;97.14285714285714;1;4;4;5
3;DT;38;576;100.0;100.0;100.0;100.0;100.0;0;5;5;5
3;DUM;38;576;56.645161290322584;67.85714285714286;66.66666666666666;70.0;67.85714285714286;1;0;0;1
3;KNN;38;576;100.0;100.0;100.0;100.0;100.0;0;5;5;5
3;MLP;38;576;50.0;50.0;50.0;100.0;66.54545454545453;1;0;0;1
3;NB;38;576;100.0;100.0;100.0;100.0;100.0;0;5;5;5
3;RF;38;576;100.0;100.0;100.0;100.0;100.0;0;5;5;5
3;SVM;38;576;100.0;100.0;100.0;100.0;100.0;0;5;5;5
3;XGB;38;576;100.0;94.28571428571429;100.0;90.0;93.33333333333333;1;4;4;5
3;DT;48;456;100.0;100.0;100.0;100.0;100.0;0;5;5;5
3;DUM;48;456;52.09176788124156;47.77777777777778;48.0;42.0;44.666666666666664;1;0;0;1
3;KNN;48;456;100.0;100.0;100.0;100.0;100.0;0;5;5;5
3;MLP;48;456;50.0;50.0;50.0;100.0;66.59340659340658;1;0;0;1
3;NB;48;456;100.0;100.0;100.0;100.0;100.0;0;5;5;5
3;RF;48;456;100.0;100.0;100.0;100.0;100.0;0;5;5;5
3;SVM;48;456;100.0;100.0;100.0;100.0;100.0;0;5;5;5
3;XGB;48;456;100.0;98.0;100.0;96.0;97.77777777777779;1;4;4;5
3;DT;57;384;100.0;100.0;100.0;100.0;100.0;0;5;5;5
3;DUM;57;384;50.42553191489362;43.18181818181819;42.0;38.0;39.81818181818182;5;0;0;5
3;KNN;57;384;100.0;100.0;100.0;100.0;100.0;0;5;5;5
3;MLP;57;384;50.0;50.0;50.0;100.0;66.61764705882352;1;0;0;1
3;NB;57;384;100.0;100.0;100.0;100.0;100.0;0;5;5;5
3;RF;57;384;100.0;100.0;100.0;100.0;100.0;0;5;5;5
3;SVM;57;384;100.0;100.0;100.0;100.0;100.0;0;5;5;5
3;XGB;57;384;100.0;98.33333333333333;100.0;96.66666666666667;98.18181818181817;0;4;4;4
3;DT;64;342;100.0;100.0;100.0;100.0;100.0;0;5;5;5
3;DUM;64;342;48.44645550527904;45.25641025641026;41.0;41.904761904761905;41.21212121212121;3;0;0;3
3;KNN;64;342;100.0;100.0;100.0;100.0;100.0;0;5;5;5
3;MLP;64;342;50.0;50.0;50.0;100.0;66.59649122807016;2;0;0;2
3;NB;64;342;100.0;100.0;100.0;100.0;100.0;0;5;5;5
3;RF;64;342;100.0;100.0;100.0;100.0;100.0;0;5;5;5
3;SVM;64;342;100.0;100.0;100.0;100.0;100.0;0;5;5;5
3;XGB;64;342;100.0;98.33333333333333;100.0;96.66666666666667;98.18181818181817;0;4;4;4
3;DT;72;304;100.0;100.0;100.0;100.0;100.0;0;5;5;5
3;DUM;72;304;47.58015728977616;42.76190476190476;41.07142857142857;38.21428571428571;39.53296703296703;3;0;0;3
3;KNN;72;304;100.0;100.0;100.0;100.0;100.0;0;5;5;5
3;MLP;72;304;50.0;50.0;50.0;100.0;66.6403162055336;0;0;0;0
3;NB;72;304;100.0;100.0;100.0;100.0;100.0;0;5;5;5
3;RF;72;304;100.0;100.0;100.0;100.0;100.0;0;5;5;5
3;SVM;72;304;100.0;100.0;100.0;100.0;100.0;0;5;5;5
3;XGB;72;304;100.0;98.66666666666666;100.0;97.5;98.66666666666666;0;4;4;4
3;DT;76;288;100.0;100.0;100.0;100.0;100.0;0;5;5;5
3;DUM;76;288;48.6775956284153;52.666666666666664;52.14285714285713;52.14285714285713;52.14285714285713;0;0;0;0
3;KNN;76;288;100.0;100.0;100.0;100.0;100.0;0;5;5;5
3;MLP;76;288;50.0;50.0;50.0;100.0;66.61396574440053;0;0;0;0
3;NB;76;288;100.0;100.0;100.0;100.0;100.0;0;5;5;5
3;RF;76;288;100.0;100.0;100.0;100.0;100.0;0;5;5;5
3;SVM;76;288;100.0;100.0;100.0;100.0;100.0;0;5;5;5
3;XGB;76;288;100.0;98.66666666666666;100.0;97.14285714285714;98.46153846153847;0;4;4;4
3;DT;96;228;100.0;100.0;100.0;100.0;100.0;0;5;5;5
3;DUM;96;228;48.95420369104579;55.105263157894726;54.505050505050505;56.666666666666664;55.43859649122807;2;0;0;2
3;KNN;96;228;100.0;100.0;100.0;100.0;100.0;0;5;5;5
3;MLP;96;228;49.99999999999999;50.0;50.0;100.0;66.63382594417078;0;0;0;0
3;NB;96;228;100.0;100.0;100.0;100.0;100.0;0;5;5;5
3;RF;96;228;100.0;100.0;100.0;100.0;100.0;0;5;5;5
3;SVM;96;228;100.0;100.0;100.0;100.0;100.0;0;5;5;5
3;XGB;96;228;100.0;98.94736842105263;100.0;98.0;98.94736842105263;0;4;4;4
3;DT;114;192;100.0;100.0;100.0;100.0;100.0;0;5;5;5
3;DUM;114;192;48.90826564739608;53.55731225296442;52.282051282051285;55.15151515151515;53.386034255599476;2;0;0;2
3;KNN;114;192;100.0;100.0;100.0;100.0;100.0;0;5;5;5
3;MLP;114;192;50.0;50.0;50.0;100.0;66.64425770308124;0;0;0;0
3;NB;114;192;100.0;100.0;100.0;100.0;100.0;0;5;5;5
3;RF;114;192;100.0;100.0;100.0;100.0;100.0;0;5;5;5
3;SVM;114;192;100.0;100.0;100.0;100.0;100.0;0;5;5;5
3;XGB;114;192;100.0;98.26086956521739;100.0;96.36363636363636;98.0;0;4;4;4
3;DT;128;171;100.0;100.0;100.0;100.0;100.0;0;5;5;5
3;DUM;128;171;48.62935465448315;62.33846153846154;59.33333333333333;67.43589743589745;62.8893489763055;1;0;0;1
3;KNN;128;171;100.0;100.0;100.0;100.0;100.0;0;5;5;5
3;MLP;128;171;50.0;50.0;50.0;100.0;66.65718349928876;0;0;0;0
3;NB;128;171;100.0;100.0;100.0;100.0;100.0;0;5;5;5
3;RF;128;171;100.0;100.0;100.0;100.0;100.0;0;5;5;5
3;SVM;128;171;100.0;100.0;100.0;100.0;100.0;0;5;5;5
3;XGB;128;171;100.0;99.2;100.0;98.46153846153847;99.2;0;4;4;4
3;DT;144;152;100.0;100.0;100.0;100.0;100.0;0;5;5;5
3;DUM;144;152;50.52023988005997;51.47783251231526;50.38461538461539;53.333333333333336;51.61904761904761;2;0;0;2
3;KNN;144;152;100.0;100.0;100.0;100.0;100.0;0;5;5;5
3;MLP;144;152;50.0;50.0;50.0;100.0;66.65257223396758;0;0;0;0
3;NB;144;152;100.0;100.0;100.0;100.0;100.0;0;5;5;5
3;RF;144;152;100.0;100.0;100.0;100.0;100.0;0;5;5;5
3;SVM;144;152;100.0;100.0;100.0;100.0;100.0;0;5;5;5
3;XGB;144;152;100.0;98.62068965517241;100.0;97.14285714285714;98.46153846153847;0;4;4;4
3;DT;152;144;100.0;100.0;100.0;100.0;100.0;0;5;5;5
3;DUM;152;144;48.198076141444254;55.354838709677416;54.45378151260504;59.5;56.75;1;0;0;1
3;KNN;152;144;100.0;100.0;100.0;100.0;100.0;0;5;5;5
3;MLP;152;144;50.0;50.0;50.0;100.0;66.66049953746531;0;0;0;0
3;NB;152;144;100.0;100.0;100.0;100.0;100.0;0;5;5;5
3;RF;152;144;100.0;100.0;100.0;100.0;100.0;0;5;5;5
3;SVM;152;144;100.0;100.0;100.0;100.0;100.0;0;5;5;5
3;XGB;152;144;100.0;99.35483870967741;100.0;98.75;99.35483870967741;0;4;4;4
3;DT;171;128;100.0;100.0;100.0;100.0;100.0;0;5;5;5
3;DUM;171;128;48.406854966677244;52.33613445378152;52.105263157894726;55.94771241830066;53.8562091503268;0;0;0;0
3;KNN;171;128;100.0;100.0;100.0;100.0;100.0;0;5;5;5
3;MLP;171;128;50.0;50.0;50.0;100.0;66.66182873730043;0;0;0;0
3;NB;171;128;100.0;100.0;100.0;100.0;100.0;0;5;5;5
3;RF;171;128;100.0;100.0;100.0;100.0;100.0;0;5;5;5
3;SVM;171;128;100.0;100.0;100.0;100.0;100.0;0;5;5;5
3;XGB;171;128;100.0;98.82352941176471;100.0;97.64705882352942;98.75;0;4;4;4
3;DT;192;114;100.0;100.0;100.0;100.0;100.0;0;5;5;5
3;DUM;192;114;51.038112214582796;51.06612685560054;50.95238095238095;54.26315789473684;52.47368421052632;0;0;0;0
3;KNN;192;114;100.0;100.0;100.0;100.0;100.0;0;5;5;5
3;MLP;192;114;50.0;50.0;50.0;100.0;66.66277030976036;0;0;0;0
3;NB;192;114;100.0;100.0;100.0;100.0;100.0;0;5;5;5
3;RF;192;114;100.0;100.0;100.0;100.0;100.0;0;5;5;5
3;SVM;192;114;100.0;100.0;100.0;100.0;100.0;0;5;5;5
3;XGB;192;114;100.0;99.47368421052632;100.0;98.94736842105263;99.45945945945945;0;4;4;4
3;DT;228;96;100.0;100.0;100.0;100.0;100.0;0;5;5;5
3;DUM;228;96;49.56104005284333;49.55555555555556;49.473684210526315;53.55731225296442;51.24149659863944;0;0;0;0
3;KNN;228;96;100.0;100.0;100.0;100.0;100.0;0;5;5;5
3;MLP;228;96;50.0;50.0;50.0;100.0;66.66374012291483;0;0;0;0
3;NB;228;96;100.0;100.0;100.0;100.0;100.0;0;5;5;5
3;RF;228;96;100.0;100.0;100.0;100.0;100.0;0;5;5;5
3;SVM;228;96;100.0;100.0;100.0;100.0;100.0;0;5;5;5
3;XGB;228;96;100.0;99.11111111111111;100.0;98.18181818181817;99.04761904761905;0;4;4;4
3;DT;288;76;100.0;100.0;100.0;100.0;100.0;0;5;5;5
3;DUM;288;76;48.348202522115564;48.28191167574107;48.39408866995073;49.28571428571429;48.825453464168895;0;0;0;0
3;KNN;288;76;100.0;100.0;100.0;100.0;100.0;0;5;5;5
3;MLP;288;76;50.0;50.0;50.0;100.0;66.66484268125853;0;0;0;0
3;NB;288;76;100.0;100.0;100.0;100.0;100.0;0;5;5;5
3;RF;288;76;100.0;100.0;100.0;100.0;100.0;0;5;5;5
3;SVM;288;76;100.0;100.0;100.0;100.0;100.0;0;5;5;5
3;XGB;288;76;100.0;99.65517241379311;100.0;99.3103448275862;99.64912280701755;0;4;4;4
3;DT;304;72;100.0;100.0;100.0;100.0;100.0;0;5;5;5
3;DUM;304;72;49.67145652027256;49.98907103825137;50.19751082251082;50.68817204301075;50.33386272314648;0;0;0;0
3;KNN;304;72;100.0;100.0;100.0;100.0;100.0;0;5;5;5
3;MLP;304;72;50.0;50.0;50.0;100.0;66.66348144609015;0;0;0;0
3;NB;304;72;100.0;100.0;100.0;100.0;100.0;0;5;5;5
3;RF;304;72;100.0;100.0;100.0;100.0;100.0;0;5;5;5
3;SVM;304;72;100.0;100.0;100.0;100.0;100.0;0;5;5;5
3;XGB;304;72;100.0;99.66666666666666;100.0;99.33333333333334;99.66101694915254;0;4;4;4
3;DT;342;64;100.0;100.0;100.0;100.0;100.0;0;5;5;5
3;DUM;342;64;47.29900270046255;49.4075021312873;49.51176983435048;52.08403361344538;50.67506046379285;0;0;0;0
3;KNN;342;64;100.0;100.0;100.0;100.0;100.0;0;5;5;5
3;MLP;342;64;50.0;50.0;50.0;100.0;66.66542195668409;0;0;0;0
3;NB;342;64;100.0;100.0;100.0;100.0;100.0;0;5;5;5
3;RF;342;64;100.0;100.0;100.0;100.0;100.0;0;5;5;5
3;SVM;342;64;100.0;100.0;100.0;100.0;100.0;0;5;5;5
3;XGB;342;64;100.0;99.42028985507247;100.0;98.82352941176471;99.39393939393939;0;4;4;4
3;DT;384;57;100.0;100.0;100.0;100.0;100.0;0;5;5;5
3;DUM;384;57;48.83159186090783;49.99316473000683;50.12162162162163;50.51282051282051;50.2834008097166;0;0;0;0
3;KNN;384;57;100.0;100.0;100.0;100.0;100.0;0;5;5;5
3;MLP;384;57;50.0;49.99999999999999;49.99999999999999;100.0;66.6646676661669;0;0;0;0
3;NB;384;57;100.0;100.0;100.0;100.0;100.0;0;5;5;5
3;RF;384;57;100.0;100.0;100.0;100.0;100.0;0;5;5;5
3;SVM;384;57;100.0;100.0;100.0;100.0;100.0;0;5;5;5
3;XGB;384;57;100.0;99.74025974025975;100.0;99.47368421052632;99.73333333333333;0;4;4;4
3;DT;456;48;100.0;100.0;100.0;100.0;100.0;0;5;5;5
3;DUM;456;48;48.90139996989312;49.787386526516954;50.06802721088435;50.44444444444444;50.16776952051308;0;0;0;0
3;KNN;456;48;100.0;100.0;100.0;100.0;100.0;0;5;5;5
3;MLP;456;48;50.0;50.0;50.0;100.0;66.66523543724058;0;0;0;0
3;NB;456;48;100.0;100.0;100.0;100.0;100.0;0;5;5;5
3;RF;456;48;100.0;100.0;100.0;100.0;100.0;0;5;5;5
3;SVM;456;48;100.0;100.0;100.0;100.0;100.0;0;5;5;5
3;XGB;456;48;100.0;99.78260869565217;100.0;99.56521739130434;99.78021978021978;0;4;4;4
3;DT;576;38;99.91313779119116;99.47826086956522;99.66101694915254;99.30429522081064;99.47815563513909;0;0;2;2
3;DUM;576;38;49.60888427803452;49.82458770614693;49.75106253794779;50.3750756200847;50.00854579119784;0;0;0;0
3;KNN;576;38;100.0;100.0;100.0;100.0;100.0;0;5;5;5
3;MLP;576;38;100.0;100.0;100.0;100.0;100.0;0;5;5;5
3;NB;576;38;100.0;99.82608695652173;99.66101694915254;100.0;99.82905982905984;0;4;4;4
3;RF;576;38;100.0;99.82608695652173;99.66101694915254;100.0;99.82905982905984;0;4;4;4
3;SVM;576;38;100.0;99.82608695652173;99.66101694915254;100.0;99.82905982905984;0;4;4;4
3;XGB;576;38;100.0;99.65217391304347;100.0;99.30429522081064;99.64909580607926;0;3;3;3
3;DT;608;36;99.83547544806956;99.66942148760332;99.35483870967741;100.0;99.67213114754098;0;0;4;4
3;DUM;608;36;48.92995665069587;47.867497629047556;47.92782941498086;48.3551912568306;48.13421298147408;0;0;0;0
3;KNN;608;36;100.0;100.0;100.0;100.0;100.0;0;5;5;5
3;MLP;608;36;99.83547544806956;99.83471074380165;100.0;99.67213114754098;99.83471074380165;0;0;4;4
3;NB;608;36;100.0;99.83471074380165;99.67213114754098;100.0;99.83471074380165;0;4;4;4
3;RF;608;36;99.95884773662551;99.83471074380165;99.67213114754098;100.0;99.83471074380165;0;3;4;4
3;SVM;608;36;100.0;100.0;100.0;100.0;100.0;0;5;5;5
3;XGB;608;36;99.83547544806956;99.50548706137381;99.67213114754098;99.34426229508196;99.50413223140497;0;0;2;2
3;DT;684;32;100.0;99.70695577501074;99.71014492753622;99.71014492753622;99.70802919708028;0;3;3;3
3;DUM;684;32;49.74439210557921;49.41391155002147;49.534188034188034;50.00426257459506;49.727078891257996;0;0;0;0
3;KNN;684;32;99.85381443574109;99.85401459854015;100.0;99.71014492753622;99.85401459854015;0;0;4;4
3;MLP;684;32;99.85381443574109;99.85401459854015;100.0;99.71014492753622;99.85401459854015;0;0;4;4
3;NB;684;32;99.85381443574109;99.85401459854015;100.0;99.71014492753622;99.85401459854015;0;0;4;4
3;RF;684;32;99.85381443574109;99.70802919708028;100.0;99.41602728047741;99.705866450392;0;0;3;3
3;SVM;684;32;99.85381443574109;99.85401459854015;100.0;99.71014492753622;99.85401459854015;0;0;4;4
3;XGB;684;32;99.96343692870201;99.85401459854015;100.0;99.71014492753622;99.85401459854015;0;3;4;4
3;DT;912;24;99.61621286431027;99.01218999579655;98.94050343249428;99.1256569517439;99.0186004136295;0;0;1;1
3;DUM;912;24;50.87667474679144;49.77961928781601;49.82018700551426;51.76301958910655;50.73870427922544;0;0;0;0
3;KNN;912;24;99.97256515775034;100.0;100.0;100.0;100.0;0;4;5;5
3;MLP;912;24;99.6162128643103;99.5616405452471;100.0;99.12326803631152;99.55799092272238;0;0;2;2
3;NB;912;24;99.97260273972603;100.0;100.0;100.0;100.0;0;4;5;5
3;RF;912;24;99.7533119116072;99.34186032546688;98.94284097340125;99.78021978021978;99.35128712744111;0;0;2;2
3;SVM;912;24;99.89037337692841;99.89071038251366;100.0;99.78021978021978;99.88950276243094;0;0;4;4
3;XGB;912;24;99.5339083375613;99.231369723173;99.15789473684211;99.34304825609173;99.23838063340972;0;0;2;2
3;DT;1152;19;99.65273999543078;99.04498400150575;99.49152542372882;98.61319340329835;99.03916199133536;0;0;1;1
3;DUM;1152;19;50.672474745690465;48.521362695275734;48.53973013493253;48.77811094452774;48.658008658008654;0;0;0;0
3;KNN;1152;19;99.50084907237958;99.4790137398833;100.0;98.95952023988006;99.47443353136352;0;0;2;2
3;MLP;1152;19;99.28385867478762;99.21852060982496;99.82608695652173;98.61319340329835;99.21242479773906;0;0;1;1
3;NB;1152;19;99.73957854920498;99.73950686994165;99.48275862068965;100.0;99.74025974025975;0;0;2;2
3;RF;1152;19;99.3271955174631;98.61095426312818;97.96455566146494;99.3088455772114;98.62135881557113;0;0;0;0
3;SVM;1152;19;99.60933249485963;99.4790137398833;100.0;98.95952023988006;99.47443353136352;0;0;2;2
3;XGB;1152;19;99.17528104178002;98.6979107848673;98.13254858807855;99.3088455772114;98.70644614203776;0;0;0;0
3;DT;1216;18;99.44493082782452;99.09532483302976;100.0;98.19401165153774;99.08153786971374;0;0;1;1
3;DUM;1216;18;50.47320873459962;50.00067462726844;49.99593551009349;49.99593551009349;49.99593551009349;0;0;0;0
3;KNN;1216;18;99.6505018207656;99.58915199352359;100.0;99.17897303888363;99.5864339357361;0;0;2;2
3;MLP;1216;18;99.46548581240828;99.34223841327668;99.8360655737705;98.84974935645576;99.3381457674387;0;0;0;0
3;NB;1216;18;99.38322357986627;99.34223841327668;99.35083977605971;99.34290746511313;99.34221900167067;0;0;1;1
3;RF;1216;18;98.99263657856784;98.76711866693653;98.5405192761605;99.01503861265412;98.77147614010389;0;0;0;0
3;SVM;1216;18;99.67107795245285;99.67145652027256;100.0;99.34290746511313;99.66941866518547;0;0;2;2
3;XGB;1216;18;98.807599423107;98.76711866693653;98.5405192761605;99.01503861265412;98.77147614010389;0;0;0;0
3;DT;1368;16;99.41519120482833;99.04922328279993;99.55875990889542;98.5369257191928;99.04273517364466;0;0;0;0
3;DUM;1368;16;51.4625395473859;47.4455228469827;47.2856221792392;46.34177758694719;46.80015982775007;4;0;0;4
3;KNN;1368;16;99.63446945981818;99.34172883077993;99.85507246376811;98.8288965221125;99.33684667981629;0;0;0;0
3;MLP;1368;16;99.15933318307414;99.04922328279993;99.84962406015038;98.24388149420352;99.03947285376304;0;0;0;0
3;NB;1368;16;99.19587955890577;99.12248335606;99.13129406351912;99.12194074710177;99.12242497174601;0;0;0;0
3;RF;1368;16;99.03139582446387;98.90323788134006;98.7038410679324;99.12194074710176;98.9079457869325;0;0;0;0
3;SVM;1368;16;99.54306178157321;99.41445415897971;100.0;98.8288965221125;99.4084906353109;0;0;2;2
3;XGB;1368;16;98.92177339243528;98.68372503408999;98.55877102829015;98.82782310004293;98.68540052555412;0;0;0;0
3;DT;1824;12;98.58826180438845;98.35496010838476;99.43815271357644;97.25695069957365;98.33328973519157;0;0;0;0
3;DUM;1824;12;49.95892288769752;49.120578052084895;48.94240019240019;48.77619648111452;48.84603832522376;3;0;0;3
3;KNN;1824;12;99.17761273906879;98.84856239650762;99.5555486966333;98.13547108629076;98.84022551491537;0;0;0;0
3;MLP;1824;12;98.64307510304488;98.68402830046666;99.2252574058397;98.13607157869453;98.67644062040077;0;0;0;0
3;NB;1824;12;98.57454439614297;98.57428872497366;98.5778755732048;98.5750315258512;98.5734837847757;0;0;0;0
3;RF;1824;12;98.47860703991287;98.46469968387777;98.89315204824943;98.02678196120819;98.45697579076219;0;0;0;0
3;SVM;1824;12;98.62936708385364;98.6290832455216;99.66416269503097;97.58722152164775;98.61432075387964;0;0;0;0
3;XGB;1824;12;98.25929751096172;98.13563149179588;98.66848771052604;97.58782201405151;98.12487606584588;0;0;0;0
4;DT;10;524000;50.0;50.0;0.0;0.0;0.0;0;0;0;0
4;DUM;10;524000;47.91666666666667;41.66666666666667;40.0;33.33333333333333;36.36363636363637;5;0;0;5
4;KNN;10;524000;100.0;100.0;100.0;100.0;100.0;0;5;5;5
4;MLP;10;524000;50.0;50.0;50.0;100.0;66.66666666666666;0;0;0;0
4;NB;10;524000;100.0;100.0;100.0;100.0;100.0;0;5;5;5
4;RF;10;524000;50.0;50.0;0.0;0.0;0.0;0;0;0;0
4;XGB;10;524000;50.0;50.0;0.0;0.0;0.0;0;0;0;0
4;DT;16;327500;50.51948051948051;47.89473684210526;18.94736842105263;40.0;25.714285714285715;0;0;0;0
4;DUM;16;327500;48.95420369104579;55.105263157894726;54.505050505050505;56.666666666666664;55.43859649122807;2;0;0;2
4;KNN;16;327500;100.0;100.0;100.0;100.0;100.0;0;5;5;5
4;MLP;16;327500;49.99999999999999;50.0;50.0;100.0;66.63382594417078;0;0;0;0
4;NB;16;327500;100.0;100.0;100.0;100.0;100.0;0;5;5;5
4;RF;16;327500;50.51948051948051;47.89473684210526;28.94736842105263;60.0;39.04761904761905;0;0;0;0
4;XGB;16;327500;50.51948051948051;47.89473684210526;18.94736842105263;40.0;25.714285714285715;0;0;0;0
4;DT;20;262000;50.0;50.0;0.0;0.0;0.0;0;0;0;0
4;DUM;20;262000;45.83333333333333;66.66666666666666;64.28571428571429;75.0;69.23076923076923;0;0;0;0
4;KNN;20;262000;100.0;100.0;100.0;100.0;100.0;0;5;5;5
4;MLP;20;262000;50.0;50.0;50.0;100.0;66.66666666666666;0;0;0;0
4;NB;20;262000;100.0;100.0;100.0;100.0;100.0;0;5;5;5
4;RF;20;262000;50.0;50.0;50.0;100.0;66.66666666666666;0;0;0;0
4;XGB;20;262000;50.0;50.0;0.0;0.0;0.0;0;0;0;0
4;DT;25;209600;50.0;50.0;0.0;0.0;0.0;0;0;0;0
4;DUM;25;209600;48.333333333333336;60.0;58.82352941176471;66.66666666666666;62.5;0;0;0;0
4;KNN;25;209600;100.0;100.0;100.0;100.0;100.0;0;5;5;5
4;MLP;25;209600;50.0;50.0;50.0;100.0;66.66666666666666;0;0;0;0
4;NB;25;209600;100.0;100.0;100.0;100.0;100.0;0;5;5;5
4;RF;25;209600;50.0;50.0;50.0;100.0;66.66666666666666;0;0;0;0
4;XGB;25;209600;50.0;50.0;0.0;0.0;0.0;0;0;0;0
4;DT;32;163750;50.130718954248366;49.48717948717949;9.743589743589745;20.0;13.10344827586207;0;0;0;0
4;DUM;32;163750;51.038112214582796;51.06612685560054;50.95238095238095;54.26315789473684;52.47368421052632;0;0;0;0
4;KNN;32;163750;100.0;100.0;100.0;100.0;100.0;0;5;5;5
4;MLP;32;163750;50.0;50.0;50.0;100.0;66.66277030976036;0;0;0;0
4;NB;32;163750;100.0;100.0;100.0;100.0;100.0;0;5;5;5
4;RF;32;163750;50.130718954248366;49.48717948717949;39.743589743589745;80.0;53.10344827586207;0;0;0;0
4;XGB;32;163750;50.130718954248366;49.48717948717949;9.743589743589745;20.0;13.10344827586207;0;0;0;0
4;DT;40;131000;50.0;50.0;0.0;0.0;0.0;0;0;0;0
4;DUM;40;131000;50.0;47.91666666666667;48.14814814814815;54.16666666666665;50.98039215686274;0;0;0;0
4;KNN;40;131000;100.0;100.0;100.0;100.0;100.0;0;5;5;5
4;MLP;40;131000;50.0;50.0;50.0;100.0;66.66666666666666;0;0;0;0
4;NB;40;131000;100.0;100.0;100.0;100.0;100.0;0;5;5;5
4;RF;40;131000;50.0;50.0;50.0;100.0;66.66666666666666;0;0;0;0
4;XGB;40;131000;50.0;50.0;0.0;0.0;0.0;0;0;0;0
4;DT;50;104800;50.0;50.0;0.0;0.0;0.0;0;0;0;0
4;DUM;50;104800;48.75;46.66666666666666;46.875;50.0;48.38709677419355;0;0;0;0
4;KNN;50;104800;100.0;100.0;100.0;100.0;100.0;0;5;5;5
4;MLP;50;104800;100.0;100.0;100.0;100.0;100.0;0;5;5;5
4;NB;50;104800;100.0;100.0;100.0;100.0;100.0;0;5;5;5
4;RF;50;104800;50.0;50.0;50.0;100.0;66.66666666666666;0;0;0;0
4;XGB;50;104800;50.0;50.0;0.0;0.0;0.0;0;0;0;0
4;DT;64;81875;50.13029315960912;49.480519480519476;19.740259740259738;40.0;26.43478260869565;0;0;0;0
4;DUM;64;81875;48.83159186090783;49.99316473000683;50.12162162162163;50.51282051282051;50.2834008097166;0;0;0;0
4;KNN;64;81875;100.0;100.0;100.0;100.0;100.0;0;5;5;5
4;MLP;64;81875;100.0;100.0;100.0;100.0;100.0;0;5;5;5
4;NB;64;81875;100.0;100.0;100.0;100.0;100.0;0;5;5;5
4;RF;64;81875;50.13029315960912;49.480519480519476;29.740259740259738;60.0;39.768115942028984;0;0;0;0
4;XGB;64;81875;50.13029315960912;49.480519480519476;19.740259740259738;40.0;26.43478260869565;0;0;0;0
4;DT;80;65500;50.0;50.0;0.0;0.0;0.0;0;0;0;0
4;DUM;80;65500;46.61458333333333;45.83333333333333;46.0;47.91666666666667;46.93877551020408;0;0;0;0
4;KNN;80;65500;100.0;100.0;100.0;100.0;100.0;0;5;5;5
4;MLP;80;65500;100.0;100.0;100.0;100.0;100.0;0;5;5;5
4;NB;80;65500;100.0;100.0;100.0;100.0;100.0;0;5;5;5
4;RF;80;65500;50.0;50.0;50.0;100.0;66.66666666666666;0;0;0;0
4;XGB;80;65500;50.0;50.0;0.0;0.0;0.0;0;0;0;0
4;DT;100;52400;50.0;50.0;0.0;0.0;0.0;0;0;0;0
4;DUM;100;52400;47.91666666666667;48.333333333333336;48.38709677419355;50.0;49.18032786885246;0;0;0;0
4;KNN;100;52400;100.0;100.0;100.0;100.0;100.0;0;5;5;5
4;MLP;100;52400;100.0;100.0;100.0;100.0;100.0;0;5;5;5
4;NB;100;52400;100.0;100.0;100.0;100.0;100.0;0;5;5;5
4;RF;100;52400;50.0;50.0;50.0;100.0;66.66666666666666;0;0;0;0
4;XGB;100;52400;50.0;50.0;0.0;0.0;0.0;0;0;0;0
4;DT;125;41920;50.0;50.0;0.0;0.0;0.0;0;0;0;0
4;DUM;125;41920;50.0;50.0;50.0;53.333333333333336;51.61290322580645;0;0;0;0
4;KNN;125;41920;100.0;100.0;100.0;100.0;100.0;0;5;5;5
4;MLP;125;41920;100.0;100.0;100.0;100.0;100.0;0;5;5;5
4;NB;125;41920;100.0;100.0;100.0;100.0;100.0;0;5;5;5
4;RF;125;41920;50.0;50.0;50.0;100.0;66.66666666666666;0;0;0;0
4;XGB;125;41920;50.0;50.0;0.0;0.0;0.0;0;0;0;0
4;DT;131;40000;50.06359300476947;49.745222929936304;19.872611464968152;40.0;26.5531914893617;0;0;0;0
4;DUM;131;40000;50.127489797778296;49.745222929936304;49.72602739726027;50.399221032132424;49.99485762805104;0;0;0;0
4;KNN;131;40000;100.0;100.0;100.0;100.0;100.0;0;5;5;5
4;MLP;131;40000;100.0;100.0;100.0;100.0;100.0;0;5;5;5
4;NB;131;40000;100.0;100.0;100.0;100.0;100.0;0;5;5;5
4;RF;131;40000;50.0;50.0;50.0;100.0;66.66618583964419;0;0;0;0
4;XGB;131;40000;50.06359300476947;49.745222929936304;19.872611464968152;40.0;26.5531914893617;0;0;0;0
4;DT;160;32750;100.0;100.0;100.0;100.0;100.0;0;5;5;5
4;DUM;160;32750;50.65104166666666;50.0;50.0;52.083333333333336;51.02040816326531;0;0;0;0
4;KNN;160;32750;100.0;100.0;100.0;100.0;100.0;0;5;5;5
4;MLP;160;32750;100.0;100.0;100.0;100.0;100.0;0;5;5;5
4;NB;160;32750;100.0;100.0;100.0;100.0;100.0;0;5;5;5
4;RF;160;32750;50.0;50.0;50.0;100.0;66.66666666666666;0;0;0;0
4;XGB;160;32750;50.0;50.0;0.0;0.0;0.0;0;0;0;0
4;DT;200;26200;100.0;100.0;100.0;100.0;100.0;0;5;5;5
4;DUM;200;26200;51.66666666666667;48.75;48.7603305785124;49.16666666666666;48.96265560165975;0;0;0;0
4;KNN;200;26200;100.0;100.0;100.0;100.0;100.0;0;5;5;5
4;MLP;200;26200;100.0;100.0;100.0;100.0;100.0;0;5;5;5
4;NB;200;26200;100.0;100.0;100.0;100.0;100.0;0;5;5;5
4;RF;200;26200;50.0;50.0;50.0;100.0;66.66666666666666;0;0;0;0
4;XGB;200;26200;50.0;50.0;0.0;0.0;0.0;0;0;0;0
4;DT;250;20960;100.0;100.0;100.0;100.0;100.0;0;5;5;5
4;DUM;250;20960;51.0;44.66666666666666;44.44444444444444;42.66666666666667;43.53741496598639;5;0;0;5
4;KNN;250;20960;100.0;100.0;100.0;100.0;100.0;0;5;5;5
4;MLP;250;20960;100.0;100.0;100.0;100.0;100.0;0;5;5;5
4;NB;250;20960;100.0;100.0;100.0;100.0;100.0;0;5;5;5
4;RF;250;20960;50.0;50.0;0.0;0.0;0.0;0;0;0;0
4;XGB;250;20960;50.0;50.0;0.0;0.0;0.0;0;0;0;0
4;DT;262;20000;100.0;100.0;100.0;100.0;100.0;0;5;5;5
4;DUM;262;20000;50.302079420428434;46.624001617632196;46.35151515151515;45.276142868660806;45.790582991296986;4;0;0;4
4;KNN;262;20000;100.0;100.0;100.0;100.0;100.0;0;5;5;5
4;MLP;262;20000;100.0;100.0;100.0;100.0;100.0;0;5;5;5
4;NB;262;20000;100.0;100.0;100.0;100.0;100.0;0;5;5;5
4;RF;262;20000;50.01591089896579;49.93650793650794;9.968253968253968;20.0;13.305084745762713;0;0;0;0
4;XGB;262;20000;50.01591089896579;49.93650793650794;9.968253968253968;20.0;13.305084745762713;0;0;0;0
4;DT;320;16375;100.0;100.0;100.0;100.0;100.0;0;5;5;5
4;DUM;320;16375;50.1953125;46.61458333333333;46.524064171122994;45.3125;45.91029023746702;0;0;0;0
4;KNN;320;16375;100.0;100.0;100.0;100.0;100.0;0;5;5;5
4;MLP;320;16375;100.0;100.0;100.0;100.0;100.0;0;5;5;5
4;NB;320;16375;100.0;100.0;100.0;100.0;100.0;0;5;5;5
4;RF;320;16375;50.0;50.0;0.0;0.0;0.0;0;0;0;0
4;XGB;320;16375;50.0;50.0;0.0;0.0;0.0;0;0;0;0
4;DT;400;13100;100.0;100.0;100.0;100.0;100.0;0;5;5;5
4;DUM;400;13100;49.270833333333336;47.91666666666667;47.8448275862069;46.25;47.03389830508475;0;0;0;0
4;KNN;400;13100;100.0;100.0;100.0;100.0;100.0;0;5;5;5
4;MLP;400;13100;100.0;100.0;100.0;100.0;100.0;0;5;5;5
4;NB;400;13100;100.0;100.0;100.0;100.0;100.0;0;5;5;5
4;RF;400;13100;50.0;50.0;0.0;0.0;0.0;0;0;0;0
4;XGB;400;13100;50.0;50.0;0.0;0.0;0.0;0;0;0;0
4;DT;500;10480;100.0;100.0;100.0;100.0;100.0;0;5;5;5
4;DUM;500;10480;50.33333333333333;50.0;50.0;48.0;48.97959183673469;0;0;0;0
4;KNN;500;10480;100.0;100.0;100.0;100.0;100.0;0;5;5;5
4;MLP;500;10480;100.0;100.0;100.0;100.0;100.0;0;5;5;5
4;NB;500;10480;100.0;100.0;100.0;100.0;100.0;0;5;5;5
4;RF;500;10480;50.0;50.0;50.0;100.0;66.66666666666666;0;0;0;0
4;XGB;500;10480;50.0;50.0;0.0;0.0;0.0;0;0;0;0
4;DT;524;10000;100.0;100.0;100.0;100.0;100.0;0;5;5;5
4;DUM;524;10000;50.039751949353175;50.25467580731724;50.27943368255105;49.999797795976136;50.13297309189916;0;0;0;0
4;KNN;524;10000;100.0;100.0;100.0;100.0;100.0;0;5;5;5
4;MLP;524;10000;100.0;100.0;100.0;100.0;100.0;0;5;5;5
4;NB;524;10000;100.0;100.0;100.0;100.0;100.0;0;5;5;5
4;RF;524;10000;100.0;100.0;100.0;100.0;100.0;0;5;5;5
4;XGB;524;10000;50.015904572564615;49.93640699523053;19.968203497615264;40.0;26.638388123011662;0;0;0;0
4;DT;625;8384;100.0;100.0;100.0;100.0;100.0;0;5;5;5
4;DUM;625;8384;50.1;50.8;50.80645161290322;50.4;50.60240963855421;0;0;0;0
4;KNN;625;8384;100.0;100.0;100.0;100.0;100.0;0;5;5;5
4;MLP;625;8384;100.0;100.0;100.0;100.0;100.0;0;5;5;5
4;NB;625;8384;100.0;100.0;100.0;100.0;100.0;0;5;5;5
4;RF;625;8384;100.0;100.0;100.0;100.0;100.0;0;5;5;5
4;XGB;625;8384;50.0;50.0;0.0;0.0;0.0;0;0;0;0
4;DT;655;8000;100.0;100.0;100.0;100.0;100.0;0;5;5;5
4;DUM;655;8000;50.09541984732825;50.76335877862596;50.77319587628865;50.12722646310432;50.44814340588989;0;0;0;0
4;KNN;655;8000;100.0;100.0;100.0;100.0;100.0;0;5;5;5
4;MLP;655;8000;100.0;100.0;100.0;100.0;100.0;0;5;5;5
4;NB;655;8000;100.0;100.0;100.0;100.0;100.0;0;5;5;5
4;RF;655;8000;100.0;100.0;100.0;100.0;100.0;0;5;5;5
4;XGB;655;8000;50.0;50.0;0.0;0.0;0.0;0;0;0;0
4;DT;800;6550;100.0;100.0;100.0;100.0;100.0;0;5;5;5
4;DUM;800;6550;50.520833333333336;51.66666666666667;51.66666666666667;51.66666666666667;51.66666666666667;0;0;0;0
4;KNN;800;6550;100.0;100.0;100.0;100.0;100.0;0;5;5;5
4;MLP;800;6550;100.0;100.0;100.0;100.0;100.0;0;5;5;5
4;NB;800;6550;100.0;100.0;100.0;100.0;100.0;0;5;5;5
4;RF;800;6550;100.0;100.0;100.0;100.0;100.0;0;5;5;5
4;XGB;800;6550;50.0;50.0;0.0;0.0;0.0;0;0;0;0
4;DT;1000;5240;100.0;100.0;100.0;100.0;100.0;0;5;5;5
4;DUM;1000;5240;50.60416666666666;51.0;51.02040816326531;50.0;50.505050505050505;0;0;0;0
4;KNN;1000;5240;100.0;100.0;100.0;100.0;100.0;0;5;5;5
4;MLP;1000;5240;100.0;100.0;100.0;100.0;100.0;0;5;5;5
4;NB;1000;5240;100.0;100.0;100.0;100.0;100.0;0;5;5;5
4;RF;1000;5240;100.0;100.0;100.0;100.0;100.0;0;5;5;5
4;XGB;1000;5240;100.0;99.98333333333333;100.0;99.96666666666667;99.98331943286072;0;4;4;4
4;DT;1048;5000;100.0;100.0;100.0;100.0;100.0;0;5;5;5
4;DUM;1048;5000;50.34194910046775;50.27025762249685;50.27705413776277;49.84091622532986;50.05639891282867;0;0;0;0
4;KNN;1048;5000;100.0;100.0;100.0;100.0;100.0;0;5;5;5
4;MLP;1048;5000;100.0;100.0;100.0;100.0;100.0;0;5;5;5
4;NB;1048;5000;100.0;100.0;100.0;100.0;100.0;0;5;5;5
4;RF;1048;5000;100.0;100.0;100.0;100.0;100.0;0;5;5;5
4;XGB;1048;5000;100.0;99.95226730310262;100.0;99.90455986147256;99.95221661126195;0;3;3;3
4;DT;1250;4192;100.0;100.0;100.0;100.0;100.0;0;5;5;5
4;DUM;1250;4192;50.61666666666667;49.8;49.797570850202426;49.2;49.49698189134809;0;0;0;0
4;KNN;1250;4192;100.0;100.0;100.0;100.0;100.0;0;5;5;5
4;MLP;1250;4192;100.0;100.0;100.0;100.0;100.0;0;5;5;5
4;NB;1250;4192;100.0;100.0;100.0;100.0;100.0;0;5;5;5
4;RF;1250;4192;100.0;100.0;100.0;100.0;100.0;0;5;5;5
4;XGB;1250;4192;100.0;99.98666666666666;100.0;99.97333333333333;99.9866577718479;0;4;4;4
4;DT;1310;4000;100.0;100.0;100.0;100.0;100.0;0;5;5;5
4;DUM;1310;4000;50.65203562340968;50.06361323155216;50.06435006435006;49.4910941475827;49.776071657069735;0;0;0;0
4;KNN;1310;4000;100.0;100.0;100.0;100.0;100.0;0;5;5;5
4;MLP;1310;4000;100.0;100.0;100.0;100.0;100.0;0;5;5;5
4;NB;1310;4000;100.0;100.0;100.0;100.0;100.0;0;5;5;5
4;RF;1310;4000;100.0;100.0;100.0;100.0;100.0;0;5;5;5
4;XGB;1310;4000;100.0;99.97455470737914;100.0;99.94910941475828;99.97452229299363;0;4;4;4
4;DT;1600;3275;100.0;100.0;100.0;100.0;100.0;0;5;5;5
4;DUM;1600;3275;50.598958333333336;49.270833333333336;49.2600422832981;48.54166666666666;48.89821615949633;0;0;0;0
4;KNN;1600;3275;100.0;100.0;100.0;100.0;100.0;0;5;5;5
4;MLP;1600;3275;100.0;100.0;100.0;100.0;100.0;0;5;5;5
4;NB;1600;3275;100.0;100.0;100.0;100.0;100.0;0;5;5;5
4;RF;1600;3275;100.0;100.0;100.0;100.0;100.0;0;5;5;5
4;XGB;1600;3275;99.98697916666669;99.97916666666666;100.0;99.95833333333334;99.97914494264859;0;0;4;4
4;DT;2000;2620;100.0;100.0;100.0;100.0;100.0;0;5;5;5
4;DUM;2000;2620;50.82291666666666;50.33333333333333;50.33783783783784;49.66666666666666;50.0;0;0;0;0
4;KNN;2000;2620;100.0;100.0;100.0;100.0;100.0;0;5;5;5
4;MLP;2000;2620;100.0;100.0;100.0;100.0;100.0;0;5;5;5
4;NB;2000;2620;100.0;100.0;100.0;100.0;100.0;0;5;5;5
4;RF;2000;2620;100.0;100.0;100.0;100.0;100.0;0;5;5;5
4;XGB;2000;2620;99.99583333333332;99.98333333333333;100.0;99.96666666666667;99.98332638599416;0;3;3;3
4;DT;2096;2500;100.0;100.0;100.0;100.0;100.0;0;5;5;5
4;DUM;2096;2500;50.15109304416025;50.007942804223944;50.009512388874555;49.888573116145764;49.94744522428183;0;0;0;0
4;KNN;2096;2500;100.0;100.0;100.0;100.0;100.0;0;5;5;5
4;MLP;2096;2500;100.0;100.0;100.0;100.0;100.0;0;5;5;5
4;NB;2096;2500;100.0;100.0;100.0;100.0;100.0;0;5;5;5
4;RF;2096;2500;100.0;100.0;100.0;100.0;100.0;0;5;5;5
4;XGB;2096;2500;99.98807255858546;99.98409542743539;100.0;99.96819084984183;99.98408909851673;0;1;3;3
4;DT;2500;2096;100.0;100.0;100.0;100.0;100.0;0;5;5;5
4;DUM;2500;2096;50.458333333333336;50.1;50.1010101010101;49.6;49.84924623115578;0;0;0;0
4;KNN;2500;2096;100.0;100.0;100.0;100.0;100.0;0;5;5;5
4;MLP;2500;2096;100.0;100.0;100.0;100.0;100.0;0;5;5;5
4;NB;2500;2096;100.0;100.0;100.0;100.0;100.0;0;5;5;5
4;RF;2500;2096;100.0;100.0;100.0;100.0;100.0;0;5;5;5
4;XGB;2500;2096;99.98333333333332;99.98;100.0;99.96;99.97999333111036;0;0;2;2
4;DT;2620;2000;100.0;100.0;100.0;100.0;100.0;0;5;5;5
4;DUM;2620;2000;50.38167938931297;50.09541984732825;50.09633911368015;49.61832061068702;49.856184084372;0;0;0;0
4;KNN;2620;2000;100.0;100.0;100.0;100.0;100.0;0;5;5;5
4;MLP;2620;2000;100.0;100.0;100.0;100.0;100.0;0;5;5;5
4;NB;2620;2000;100.0;100.0;100.0;100.0;100.0;0;5;5;5
4;RF;2620;2000;100.0;100.0;100.0;100.0;100.0;0;5;5;5
4;XGB;2620;2000;100.0;100.0;100.0;100.0;100.0;0;5;5;5
4;DT;3275;1600;100.0;100.0;100.0;100.0;100.0;0;5;5;5
4;DUM;3275;1600;50.01908396946565;50.55979643765903;50.562947799385874;50.27989821882952;50.42102577188058;0;0;0;0
4;KNN;3275;1600;100.0;100.0;100.0;100.0;100.0;0;5;5;5
4;MLP;3275;1600;100.0;100.0;100.0;100.0;100.0;0;5;5;5
4;NB;3275;1600;100.0;100.0;100.0;100.0;100.0;0;5;5;5
4;RF;3275;1600;100.0;100.0;100.0;100.0;100.0;0;5;5;5
4;XGB;3275;1600;100.0;99.99491094147582;100.0;99.98982188295165;99.9949096462204;0;4;4;4
4;DT;4000;1310;100.0;100.0;100.0;100.0;100.0;0;5;5;5
4;DUM;4000;1310;49.34895833333333;50.60416666666666;50.60492282019191;50.54166666666666;50.57327496351887;0;0;0;0
4;KNN;4000;1310;100.0;100.0;100.0;100.0;100.0;0;5;5;5
4;MLP;4000;1310;100.0;100.0;100.0;100.0;100.0;0;5;5;5
4;NB;4000;1310;100.0;100.0;100.0;100.0;100.0;0;5;5;5
4;RF;4000;1310;100.0;100.0;100.0;100.0;100.0;0;5;5;5
4;XGB;4000;1310;100.0;100.0;100.0;100.0;100.0;0;5;5;5
4;DT;4192;1250;100.0;100.0;100.0;100.0;100.0;0;5;5;5
4;DUM;4192;1250;49.595467696749154;50.34989980609288;50.34985318612964;50.34994800671329;50.34989980609288;0;0;0;0
4;KNN;4192;1250;100.0;100.0;100.0;100.0;100.0;0;5;5;5
4;MLP;4192;1250;100.0;100.0;100.0;100.0;100.0;0;5;5;5
4;NB;4192;1250;100.0;100.0;100.0;100.0;100.0;0;5;5;5
4;RF;4192;1250;100.0;100.0;100.0;100.0;100.0;0;5;5;5
4;XGB;4192;1250;100.0;100.0;100.0;100.0;100.0;0;5;5;5
4;DT;5000;1048;100.0;100.0;100.0;100.0;100.0;0;5;5;5
4;DUM;5000;1048;49.19166666666667;50.61666666666667;50.61523112736948;50.73333333333333;50.67421341767937;0;0;0;0
4;KNN;5000;1048;100.0;100.0;100.0;100.0;100.0;0;5;5;5
4;MLP;5000;1048;100.0;100.0;100.0;100.0;100.0;0;5;5;5
4;NB;5000;1048;100.0;100.0;100.0;100.0;100.0;0;5;5;5
4;RF;5000;1048;100.0;100.0;100.0;100.0;100.0;0;5;5;5
4;XGB;5000;1048;100.0;100.0;100.0;100.0;100.0;0;5;5;5
4;DT;5240;1000;100.0;100.0;100.0;100.0;100.0;0;5;5;5
4;DUM;5240;1000;49.1809796437659;50.65203562340968;50.64976228209191;50.82697201017812;50.73821241466899;0;0;0;0
4;KNN;5240;1000;100.0;100.0;100.0;100.0;100.0;0;5;5;5
4;MLP;5240;1000;100.0;100.0;100.0;100.0;100.0;0;5;5;5
4;NB;5240;1000;100.0;100.0;100.0;100.0;100.0;0;5;5;5
4;RF;5240;1000;100.0;100.0;100.0;100.0;100.0;0;5;5;5
4;XGB;5240;1000;100.0;100.0;100.0;100.0;100.0;0;5;5;5
4;DT;6550;800;99.99809160305344;99.99491094147582;99.99491223607224;99.99491094147582;99.99491094139346;0;0;3;3
4;DUM;6550;800;49.43066157760814;50.788804071246815;50.7808564231738;51.29770992366413;51.03797468354431;0;0;0;0
4;KNN;6550;800;100.0;100.0;100.0;100.0;100.0;0;5;5;5
4;MLP;6550;800;100.0;100.0;100.0;100.0;100.0;0;5;5;5
4;NB;6550;800;99.99872773536896;99.99745547073792;99.99491223607224;100.0;99.99745579442819;0;2;4;4
4;RF;6550;800;100.0;99.99745547073792;99.99491223607224;100.0;99.99745579442819;0;4;4;4
4;XGB;6550;800;100.0;100.0;100.0;100.0;100.0;0;5;5;5
4;DT;8000;655;99.99635416666668;99.98958333333333;99.99583420120808;99.98333333333333;99.98958007665503;0;0;3;3
4;DUM;8000;655;49.859375;50.82291666666666;50.81058895957315;51.583333333333336;51.19404528067818;0;0;0;0
4;KNN;8000;655;100.0;100.0;100.0;100.0;100.0;0;5;5;5
4;MLP;8000;655;100.0;100.0;100.0;100.0;100.0;0;5;5;5
4;NB;8000;655;99.99791666666667;99.99791666666667;99.99583420120808;100.0;99.99791688365795;0;0;4;4
4;RF;8000;655;99.98541666666668;99.98541666666667;99.99583420120808;99.975;99.98541254175193;0;0;2;2
4;XGB;8000;655;99.99791666666667;100.0;100.0;100.0;100.0;0;1;5;5
4;DT;8384;625;99.99602417796727;99.99602425206243;99.99602464718744;99.99602464718744;99.99602425206243;0;0;3;3
4;DUM;8384;625;49.980618204105916;50.14314154828509;50.13235052368066;50.29037620826423;50.20859646200656;0;0;0;0
4;KNN;8384;625;100.0;100.0;100.0;100.0;100.0;0;5;5;5
4;MLP;8384;625;100.0;99.99801212603121;100.0;99.99602464718744;99.99801212603121;0;4;4;4
4;NB;8384;625;99.99801208898361;99.99801212603121;99.99602464718744;100.0;99.99801212603121;0;0;4;4
4;RF;8384;625;99.98012087748717;99.97813318874151;99.99602385685884;99.96024331056002;99.97812903859324;0;0;0;0
4;XGB;8384;625;99.99652115880865;99.99801212603121;100.0;99.99602464718744;99.99801212603121;0;0;4;4
4;DT;10000;524;99.99875;99.99833333333333;100.0;99.99666666666667;99.99833319443287;0;1;4;4
4;DUM;10000;524;50.27708333333333;50.458333333333336;50.45312242544077;51.03333333333333;50.74156930980197;0;0;0;0
4;KNN;10000;524;100.0;100.0;100.0;100.0;100.0;0;5;5;5
4;MLP;10000;524;99.99833333333335;99.99833333333333;100.0;99.99666666666667;99.99833319443287;0;0;4;4
4;NB;10000;524;99.93791666666667;99.93666666666665;99.87351860304571;100.0;99.93671301979687;0;0;0;0
4;RF;10000;524;99.97083333333333;99.965;99.93338939458319;99.99666666666667;99.96501457691267;0;0;1;1
4;XGB;10000;524;99.99416666666667;99.99333333333334;99.99333444425929;99.99333333333334;99.9933330554398;0;0;2;2
4;DT;10480;500;99.9996024173028;99.9968193384224;100.0;99.99363867684478;99.99681908548708;0;3;3;3
4;DUM;10480;500;50.36577608142494;50.38167938931297;50.3774771940862;50.9382951653944;50.65633401866203;0;0;0;0
4;KNN;10480;500;100.0;100.0;100.0;100.0;100.0;0;5;5;5
4;MLP;10480;500;100.0;99.9984096692112;99.99681984417236;100.0;99.99840979565874;0;4;4;4
4;NB;10480;500;99.93837468193384;99.93797709923665;99.87616167267048;100.0;99.93802902048864;0;0;0;0
4;RF;10480;500;99.98727735368956;99.96660305343512;99.93651947213715;99.9968193384224;99.96663652339356;0;0;2;2
4;XGB;10480;500;99.9968193384224;99.99522900763358;99.99363968834473;99.9968193384224;99.99522938697622;0;0;4;4
4;DT;13100;400;99.99872773536896;99.99618320610686;99.99745579442819;99.99491094147582;99.99618312515857;0;0;2;2
4;DUM;13100;400;50.0381679389313;50.01908396946565;50.018884552436106;50.5470737913486;50.281592102765295;0;0;0;0
4;KNN;13100;400;100.0;100.0;100.0;100.0;100.0;0;5;5;5
4;MLP;13100;400;99.99777353689568;99.99491094147582;99.99236803050044;99.99745547073792;99.9949112651558;0;0;2;2
4;NB;13100;400;99.93225190839696;99.9325699745547;99.86532454292026;100.0;99.93261615509127;0;0;0;0
4;RF;13100;400;99.99427480916032;99.98982188295165;99.98473606100087;99.99491094147582;99.98982269217734;0;0;1;1
4;XGB;13100;400;99.99713740458016;99.99491094147582;99.99236803050044;99.99745547073792;99.9949112651558;0;0;2;2
4;DT;16375;320;99.99618320610686;99.99185750636131;99.99389375127214;99.98982188295165;99.99185740273035;0;0;0;0
4;DUM;16375;320;49.99872773536896;49.292620865139945;49.29348378570703;49.35368956743002;49.32356830434341;0;0;0;0
4;KNN;16375;320;99.99923664122137;99.99898218829517;99.99796458375738;100.0;99.99898224008956;0;1;4;4
4;MLP;16375;320;99.99287531806615;99.99185750636131;99.9938929224774;99.98982188295165;99.9918570919376;0;0;1;1
4;NB;16375;320;99.84478371501272;99.84529262086514;99.69155181611607;100.0;99.84553464710746;0;0;0;0
4;RF;16375;320;99.9882951653944;99.98473282442748;99.989820846568;99.97964376590332;99.98473121842153;0;0;1;1
4;XGB;16375;320;99.99643765903308;99.993893129771;99.99592916751476;99.99185750636133;99.99389271531564;0;0;1;1
4;DT;20000;262;99.9825;99.98083333333332;100.0;99.96166666666667;99.98082906145952;0;0;0;0
4;DUM;20000;262;49.89479166666666;49.19166666666667;49.18787675820496;48.95833333333333;49.072836618777146;0;0;0;0
4;KNN;20000;262;100.0;100.0;100.0;100.0;100.0;0;5;5;5
4;MLP;20000;262;99.9825;99.98166666666665;99.98500194331044;99.97833333333332;99.98166631916378;0;0;0;0
4;NB;20000;262;99.70020833333334;99.69749999999999;99.39872866411929;100.0;99.69843511855107;0;0;0;0
4;RF;20000;262;99.99291666666667;99.99083333333333;99.99500013885417;99.98666666666665;99.99083288188513;0;0;1;1
4;XGB;20000;262;99.99583333333332;99.99416666666666;99.99333388877317;99.995;99.99416670137009;0;0;1;1
4;DT;20960;250;99.9954277989822;99.98886768447838;99.99681870596339;99.98091603053436;99.98886641973391;0;0;1;1
4;DUM;20960;250;49.81313613231552;49.1809796437659;49.17665867306155;48.918575063613225;49.04727736586143;0;0;0;0
4;KNN;20960;250;99.99920483460559;99.99920483460559;99.99840979565874;100.0;99.99920486621875;0;0;4;4
4;MLP;20960;250;99.98171119592875;99.97932569974554;99.98727545649368;99.97137404580153;99.97932392916817;0;0;0;0
4;NB;20960;250;99.66145833333334;99.65648854961833;99.31775174775952;100.0;99.65768644990996;0;0;0;0
4;RF;20960;250;99.99145197201018;99.98568702290076;99.99522799571126;99.97614503816794;99.98568544197961;0;0;0;0
4;XGB;20960;250;99.9952290076336;99.99363867684478;99.99522900739223;99.99204834605598;99.99363804442604;0;0;3;3
4;DT;26200;200;99.98918575063612;99.98282442748092;99.99363697674477;99.97201017811706;99.9828222217366;0;0;0;0
4;DUM;26200;200;49.957856234096695;49.43066157760814;49.43019036098555;49.38931297709924;49.40974321443345;0;0;0;0
4;KNN;26200;200;99.99713740458017;99.99618320610686;100.0;99.99236641221373;99.99618300376312;0;0;1;1
4;MLP;26200;200;99.95483460559797;99.95101781170483;99.93640755835057;99.96564885496184;99.95102503333075;0;0;0;0
4;NB;26200;200;99.50206743002545;99.50127226463104;99.01366020012183;99.99872773536896;99.503748273528;0;0;0;0
4;RF;26200;200;99.98568702290076;99.98409669211196;99.99236511705104;99.97582697201018;99.98409529588682;0;0;0;0
4;XGB;26200;200;99.9901399491094;99.9879134860051;99.98727816278142;99.9885496183206;99.9879135871242;0;0;0;0
4;DT;32750;160;99.97722646310433;99.96997455470738;99.96336447493982;99.97659033078881;99.9699766651917;0;0;0;0
4;DUM;32750;160;49.93320610687023;49.8880407124682;49.88792664289353;49.83715012722647;49.86252545824848;0;0;0;0
4;KNN;32750;160;99.99503816793893;99.99287531806615;99.99898203288033;99.98676844783715;99.99287469644443;0;0;1;1
4;MLP;32750;160;99.94516539440203;99.94249363867684;99.93182520294583;99.9531806615776;99.94250056500182;0;0;0;0
4;NB;32750;160;99.40839694656488;99.406106870229;98.829142323951;99.9969465648855;99.40960451894088;0;0;0;0
4;RF;32750;160;99.97099236641222;99.95979643765904;99.95014617206465;99.96946564885496;99.95980206852401;0;0;0;0
4;XGB;32750;160;99.98422391857507;99.98066157760813;99.97659312715395;99.98473282442748;99.98066245803713;0;0;0;0
4;DT;40000;131;99.935625;99.92083333333333;99.89340348565165;99.94833333333334;99.92085802846037;0;0;0;0
4;DUM;40000;131;49.94010416666666;50.27708333333333;50.276841097373136;50.32083333333334;50.29882759625997;0;0;0;0
4;KNN;40000;131;99.99083333333334;99.98625;99.99666618044557;99.97583333333333;99.98624846334471;0;0;0;0
4;MLP;40000;131;99.91708333333335;99.91624999999999;99.91833416261461;99.91416666666666;99.91624882682576;0;0;0;0
4;NB;40000;131;99.32625;99.32583333333334;98.69049161736447;99.97833333333332;99.33022130009658;0;0;0;0
4;RF;40000;131;99.90927083333334;99.89833333333333;99.8451697723284;99.95166666666668;99.8983887360292;0;0;0;0
4;XGB;40000;131;99.979375;99.97458333333333;99.96417603861221;99.98499999999999;99.9745864838718;0;0;0;0
4;DT;41920;125;99.92624840966921;99.91929071246818;99.86339145136301;99.97534987277353;99.91933767072986;0;0;0;0
4;DUM;41920;125;49.97415712468193;50.36577608142494;50.36502142517061;50.4691475826972;50.417030741123206;0;0;0;0
4;KNN;41920;125;99.98588581424937;99.98250636132316;99.99522809056324;99.96978371501272;99.98250398986758;0;0;0;0
4;MLP;41920;125;99.90159828244275;99.90139949109414;99.90616317525196;99.89662849872772;99.90139424150053;0;0;0;0
4;NB;41920;125;99.31496501272264;99.31416984732823;98.67674342956481;99.96898854961833;99.31864613207252;0;0;0;0
4;RF;41920;125;99.89016777989822;99.8831106870229;99.81815373970282;99.94831424936386;99.88318887689172;0;0;0;0
4;XGB;41920;125;99.97435591603053;99.96739821882952;99.96263152488302;99.97216921119593;99.96739972030238;0;0;0;0
4;DT;52400;100;99.81560114503817;99.80756997455471;99.66320322253881;99.95292620865139;99.80785109653364;0;0;0;0
4;DUM;52400;100;49.96620547073791;50.0381679389313;50.0381703670717;50.03498727735369;50.03657877158943;0;0;0;0
4;KNN;52400;100;99.96207061068704;99.95006361323155;99.98599599761202;99.91412213740458;99.9500450468764;0;0;0;0
4;MLP;52400;100;99.8807251908397;99.87754452926208;99.8658134279011;99.88931297709924;99.8775587833958;0;0;0;0
4;NB;52400;100;99.1944179389313;99.19624681933843;98.53892142764136;99.8734096692112;99.20166179552928;0;0;0;0
4;RF;52400;100;99.75206743002545;99.74427480916032;99.57526531840222;99.9147582697201;99.74471404317994;0;0;0;0
4;XGB;52400;100;99.95523218829517;99.94402035623412;99.93068170158713;99.95737913486005;99.94402771969914;0;0;0;0
4;DT;65500;80;99.71374045801527;99.70381679389314;99.52851470549453;99.88091603053435;99.70435954875143;0;0;0;0
4;DUM;65500;80;50.036577608142494;49.99872773536896;49.99872640668382;49.94656488549618;49.97263203452182;0;0;0;0
4;KNN;65500;80;99.91310432569973;99.88854961832062;99.96585288216386;99.81119592875318;99.88846150337676;0;0;0;0
4;MLP;65500;80;99.82608142493639;99.82569974554708;99.82748018519888;99.82391857506362;99.82569520939062;0;0;0;0
4;NB;65500;80;99.01075063613231;99.01068702290077;98.42327205571935;99.6173027989822;99.01666215993325;0;0;0;0
4;RF;65500;80;99.64472010178118;99.63816793893129;99.46047234935425;99.81781170483461;99.63881690578341;0;0;0;0
4;XGB;65500;80;99.90648854961832;99.89872773536896;99.8926390030155;99.90483460559796;99.89873323514846;0;0;0;0
4;DT;81875;64;99.60992366412214;99.60447837150127;99.53008253818932;99.67959287531806;99.60477605585466;0;0;0;0
4;DUM;81875;64;50.07226463104326;49.83715012722647;49.83694766019892;49.77506361323155;49.80598641395675;0;0;0;0
4;KNN;81875;64;99.80427480916032;99.7575572519084;99.90486138652196;99.60997455470738;99.75719822530193;0;0;0;0
4;MLP;81875;64;99.68982188295165;99.68936386768448;99.72539950345957;99.65312977099236;99.6892510568725;0;0;0;0
4;NB;81875;64;98.61002544529262;98.61211195928753;98.25028426966449;98.98707379134859;98.61729726086006;0;0;0;0
4;RF;81875;64;99.46798982188295;99.4615776081425;99.32443054374414;99.60061068702291;99.46232699114698;0;0;0;0
4;XGB;81875;64;99.770737913486;99.76325699745549;99.78170578120624;99.74473282442749;99.76321323942751;0;0;0;0
4;DT;104800;50;99.3004134860051;99.29166666666666;99.14722710224478;99.43861323155217;99.29270368262945;0;0;0;0
4;DUM;104800;50;49.99542779898219;49.957856234096695;49.9578179965936;49.91253180661578;49.93516463409783;0;0;0;0
4;KNN;104800;50;99.50846851145039;99.37802162849873;99.68921661933867;99.06488549618321;99.37606776403062;0;0;0;0
4;MLP;104800;50;99.39241412213741;99.3920165394402;99.50216389814575;99.2808524173028;99.39134334698228;0;0;0;0
4;NB;104800;50;97.88156011450381;97.88358778625954;98.07386125973649;97.68575063613231;97.87939859130742;0;0;0;0
4;RF;104800;50;99.08548027989822;99.07856234096691;99.00126466203206;99.1574427480916;99.07928561551384;0;0;0;0
4;XGB;104800;50;99.4770594783715;99.47312340966921;99.55935398786531;99.38613231552164;99.47266279536117;0;0;0;0
4;DT;131000;40;98.72690839694657;98.7117048346056;98.69188933555425;98.73231552162851;98.71199799069711;0;0;0;0
4;DUM;131000;40;50.0609096692112;49.93320610687023;49.933046816216695;49.81424936386769;49.873577347098646;0;0;0;0
4;KNN;131000;40;99.03199745547074;98.7881679389313;99.3303101407109;98.23867684478371;98.78147353473197;0;0;0;0
4;MLP;131000;40;98.85992366412214;98.86106870229007;99.19358136739359;98.52315521628499;98.8571849061924;0;0;0;0
4;NB;131000;40;96.83368320610687;96.83562340966921;97.89890351442864;95.72569974554708;96.80006612809333;0;0;0;0
4;RF;131000;40;98.5091921119593;98.50089058524173;98.66523945693932;98.33206106870229;98.4983536177705;0;0;0;0
4;XGB;131000;40;98.94545165394402;98.93435114503816;99.23127158608024;98.63282442748093;98.93113123345462;0;0;0;0
4;DT;163750;32;97.72180661577607;97.7113486005089;98.7447581692788;96.65139949109415;97.68680612903366;0;0;0;0
4;DUM;163750;32;50.03002544529262;49.94198473282443;49.94184504254494;49.82188295165395;49.88179187217218;0;0;0;0
4;KNN;163750;32;98.22709923664122;97.75552162849873;98.6264061408666;96.86005089058524;97.73524141925587;0;0;0;0
4;MLP;163750;32;97.96435114503817;97.96417302798982;98.63406141052262;97.27552162849872;97.95006332615787;0;0;0;0
4;NB;163750;32;95.40246819338422;95.40223918575063;97.72912949852358;92.96468193384223;95.28734651386905;0;0;0;0
4;RF;163750;32;97.55160305343512;97.54432569974554;97.9715893380529;97.09903307888041;97.53334031988594;0;0;0;0
4;XGB;163750;32;98.03946564885496;98.03236641221375;98.64491941324077;97.40274809160306;98.01989690688822;0;0;0;0
4;DT;209600;25;96.22803355597964;96.2197041984733;98.25121218298747;94.11466284987277;96.1383778155329;0;0;0;0
4;DUM;209600;25;50.03091205470738;49.96620547073791;49.966151910226905;49.88708651399491;49.92658790948627;0;0;0;0
4;KNN;209600;25;96.96749761450381;96.1784351145038;97.56252491216847;94.72344147582697;96.12200746426143;0;0;0;0
4;MLP;209600;25;96.50715648854961;96.50214694656489;97.80391825160771;95.14090330788804;96.4538772940841;0;0;0;0
4;NB;209600;25;93.34019163486006;93.34009223918575;97.56458312516703;88.8993320610687;93.0305652017864;0;0;0;0
4;RF;209600;25;96.06403069338424;96.05772900763358;97.08453891997407;94.96739821882952;96.01426962840159;0;0;0;0
4;XGB;209600;25;96.58647423664122;96.57641539440203;97.89342642525328;95.20149491094148;96.52868268362319;0;0;0;0
4;DT;262000;20;94.42797391857508;94.41284987277353;97.61286568317651;91.05241730279899;94.21856218163516;0;0;0;0
4;DUM;262000;20;50.01749363867685;50.036577608142494;50.0366379722316;49.95419847328244;49.99538423828791;0;0;0;0
4;KNN;262000;20;95.39064885496182;94.14751908396946;96.12424611600893;92.00470737913486;94.01934576717814;0;0;0;0
4;MLP;262000;20;94.67030852417302;94.67258269720102;96.93252532167574;92.26577608142493;94.54108642074456;0;0;0;0
4;NB;262000;20;91.1365617048346;91.13625954198474;97.44532496101196;84.48753180661578;90.50492914575658;0;0;0;0
4;RF;262000;20;94.32393447837151;94.32010178117048;95.93923387345785;92.55788804071247;94.21821157417662;0;0;0;0
4;XGB;262000;20;94.76882951653945;94.75636132315522;96.90381350784452;92.46717557251908;94.63350185852194;0;0;0;0
4;DT;327500;16;92.23122137404582;92.22982188295165;95.05230209477659;89.09740458015267;91.97855510246097;0;0;0;0
4;DUM;327500;16;50.02620865139949;50.07226463104326;50.07233383593464;50.02442748091603;50.04836919442379;0;0;0;0
4;KNN;327500;16;93.47507633587786;91.69404580152673;94.30898951223217;88.74330788804072;91.44149286356004;0;0;0;0
4;MLP;327500;16;92.4735368956743;92.473893129771;95.71494362754514;88.92936386768449;92.19728606408509;0;0;0;0
4;NB;327500;16;88.63580152671757;88.63613231552162;97.37589024564917;79.4123155216285;87.48141346517241;0;0;0;0
4;RF;327500;16;92.25578880407124;92.25363867684479;95.01926339252336;89.1820865139949;92.0081659718792;0;0;0;0
4;XGB;327500;16;92.5742748091603;92.56773536895673;95.58005926332916;89.26330788804071;92.31374155800637;0;0;0;0
4;DT;524000;10;86.68071723918575;86.67843511450383;93.15472532125679;79.17487277353689;85.597732866749;0;0;0;0
4;DUM;524000;10;50.02027671755725;50.0609096692112;50.06093583440728;50.03944020356235;50.050185710990746;0;0;0;0
4;KNN;524000;10;88.61385973282442;85.17757633587787;89.13211186252568;80.12480916030533;84.38877266967276;0;0;0;0
4;MLP;524000;10;86.76255566157761;86.76234096692112;92.97446104804902;79.53473282442748;85.731009799225;0;0;0;0
4;NB;524000;10;82.5398457379135;82.5412213740458;97.46322764259439;66.82169211195928;79.28490334303869;0;0;0;0
4;RF;524000;10;86.72288486005088;86.72000636132316;93.06301123461374;79.35521628498728;85.6641731539697;0;0;0;0
4;XGB;524000;10;86.90205152671756;86.89685114503817;92.07044874947934;80.74815521628499;86.03837783150793;0;0;0;0
