;model;window;samples_summarized;accuracy_train;accuracy_test;presicion;recall;f1_score
0;DUM;114;192;46.15384615384615;65.21739130434783;61.53846153846154;72.72727272727273;66.66666666666666
1;DUM;114;192;46.15384615384615;65.21739130434783;61.53846153846154;72.72727272727273;66.66666666666666
2;DUM;114;192;52.74725274725275;39.130434782608695;40.0;33.33333333333333;36.36363636363637
3;DUM;114;192;52.74725274725275;39.130434782608695;40.0;33.33333333333333;36.36363636363637
4;DUM;114;192;46.73913043478261;59.09090909090909;58.333333333333336;63.63636363636363;60.86956521739131
5;DT;114;192;100.0;100.0;100.0;100.0;100.0
6;DT;114;192;100.0;100.0;100.0;100.0;100.0
7;DT;114;192;100.0;100.0;100.0;100.0;100.0
8;DT;114;192;100.0;100.0;100.0;100.0;100.0
9;DT;114;192;100.0;100.0;100.0;100.0;100.0
10;NB;114;192;100.0;100.0;100.0;100.0;100.0
11;NB;114;192;100.0;100.0;100.0;100.0;100.0
12;NB;114;192;100.0;100.0;100.0;100.0;100.0
13;NB;114;192;100.0;100.0;100.0;100.0;100.0
14;NB;114;192;100.0;100.0;100.0;100.0;100.0
15;KNN;114;192;100.0;100.0;100.0;100.0;100.0
16;KNN;114;192;100.0;100.0;100.0;100.0;100.0
17;KNN;114;192;100.0;100.0;100.0;100.0;100.0
18;KNN;114;192;100.0;100.0;100.0;100.0;100.0
19;KNN;114;192;100.0;100.0;100.0;100.0;100.0
20;XGB;114;192;100.0;100.0;100.0;100.0;100.0
21;XGB;114;192;100.0;91.30434782608695;100.0;81.81818181818183;90.0
22;XGB;114;192;100.0;100.0;100.0;100.0;100.0
23;XGB;114;192;100.0;100.0;100.0;100.0;100.0
24;XGB;114;192;100.0;100.0;100.0;100.0;100.0
25;RF;114;192;100.0;100.0;100.0;100.0;100.0
26;RF;114;192;100.0;100.0;100.0;100.0;100.0
27;RF;114;192;100.0;100.0;100.0;100.0;100.0
28;RF;114;192;100.0;100.0;100.0;100.0;100.0
29;RF;114;192;100.0;100.0;100.0;100.0;100.0
30;MLP;114;192;50.54945054945055;47.82608695652174;47.82608695652174;100.0;64.70588235294117
31;MLP;114;192;50.54945054945055;47.82608695652174;47.82608695652174;100.0;64.70588235294117
32;MLP;114;192;49.45054945054945;52.17391304347826;52.17391304347826;100.0;68.57142857142857
33;MLP;114;192;49.45054945054945;52.17391304347826;52.17391304347826;100.0;68.57142857142857
34;MLP;114;192;50.0;50.0;50.0;100.0;66.66666666666666
35;SVM;114;192;100.0;100.0;100.0;100.0;100.0
36;SVM;114;192;100.0;100.0;100.0;100.0;100.0
37;SVM;114;192;100.0;100.0;100.0;100.0;100.0
38;SVM;114;192;100.0;100.0;100.0;100.0;100.0
39;SVM;114;192;100.0;100.0;100.0;100.0;100.0
40;DUM;1152;19;51.14006514657981;47.61904761904761;47.41379310344828;47.82608695652174;47.61904761904761
41;DUM;1152;19;48.9685124864278;52.81385281385281;53.04347826086957;52.58620689655172;52.81385281385281
42;DUM;1152;19;51.084598698481564;47.391304347826086;47.41379310344828;47.82608695652174;47.61904761904761
43;DUM;1152;19;51.084598698481564;47.391304347826086;47.41379310344828;47.82608695652174;47.61904761904761
44;DUM;1152;19;51.084598698481564;47.391304347826086;47.41379310344828;47.82608695652174;47.61904761904761
45;DT;1152;19;99.6742671009772;99.56709956709958;100.0;99.1304347826087;99.56331877729258
46;DT;1152;19;99.45711183496199;98.7012987012987;100.0;97.41379310344827;98.68995633187772
47;DT;1152;19;99.78308026030369;98.26086956521739;100.0;96.52173913043478;98.23008849557522
48;DT;1152;19;99.56616052060737;100.0;100.0;100.0;100.0
49;DT;1152;19;99.78308026030369;98.69565217391305;97.45762711864407;100.0;98.71244635193133
50;NB;1152;19;99.7828447339848;99.56709956709958;99.13793103448276;100.0;99.56709956709958
51;NB;1152;19;99.6742671009772;100.0;100.0;100.0;100.0
52;NB;1152;19;99.78308026030369;99.56521739130434;99.13793103448276;100.0;99.56709956709958
53;NB;1152;19;99.78308026030369;99.56521739130434;99.13793103448276;100.0;99.56709956709958
54;NB;1152;19;99.67462039045553;100.0;100.0;100.0;100.0
55;KNN;1152;19;99.45711183496199;100.0;100.0;100.0;100.0
56;KNN;1152;19;99.45711183496199;99.13419913419914;100.0;98.27586206896551;99.1304347826087
57;KNN;1152;19;99.56616052060737;98.69565217391305;100.0;97.3913043478261;98.6784140969163
58;KNN;1152;19;99.45770065075922;100.0;100.0;100.0;100.0
59;KNN;1152;19;99.56616052060737;99.56521739130434;100.0;99.1304347826087;99.56331877729258
60;XGB;1152;19;99.0228013029316;98.7012987012987;97.45762711864407;100.0;98.71244635193133
61;XGB;1152;19;99.0228013029316;98.7012987012987;100.0;97.41379310344827;98.68995633187772
62;XGB;1152;19;99.45770065075922;98.69565217391305;98.27586206896551;99.1304347826087;98.7012987012987
63;XGB;1152;19;99.24078091106291;99.1304347826087;98.29059829059828;100.0;99.13793103448276
64;XGB;1152;19;99.13232104121475;98.26086956521739;96.63865546218487;100.0;98.29059829059828
65;RF;1152;19;99.2399565689468;98.7012987012987;97.45762711864407;100.0;98.71244635193133
66;RF;1152;19;99.1313789359392;98.7012987012987;100.0;97.41379310344827;98.68995633187772
67;RF;1152;19;99.56616052060737;98.26086956521739;97.43589743589743;99.1304347826087;98.27586206896551
68;RF;1152;19;99.45770065075922;99.1304347826087;98.29059829059828;100.0;99.13793103448276
69;RF;1152;19;99.24078091106291;98.26086956521739;96.63865546218487;100.0;98.29059829059828
70;MLP;1152;19;99.1313789359392;100.0;100.0;100.0;100.0
71;MLP;1152;19;99.45711183496199;98.7012987012987;100.0;97.41379310344827;98.68995633187772
72;MLP;1152;19;99.45770065075922;98.69565217391305;100.0;97.3913043478261;98.6784140969163
73;MLP;1152;19;99.13232104121475;99.1304347826087;99.1304347826087;99.1304347826087;99.1304347826087
74;MLP;1152;19;99.24078091106291;99.56521739130434;100.0;99.1304347826087;99.56331877729258
75;SVM;1152;19;99.5656894679696;100.0;100.0;100.0;100.0
76;SVM;1152;19;99.45711183496199;99.13419913419914;100.0;98.27586206896551;99.1304347826087
77;SVM;1152;19;99.78308026030369;98.69565217391305;100.0;97.3913043478261;98.6784140969163
78;SVM;1152;19;99.56616052060737;99.56521739130434;100.0;99.1304347826087;99.56331877729258
79;SVM;1152;19;99.67462039045553;100.0;100.0;100.0;100.0
80;DUM;1216;18;52.160493827160494;49.18032786885246;49.18032786885246;49.18032786885246;49.18032786885246
81;DUM;1216;18;52.106885919835555;48.971193415637856;48.760330578512395;48.760330578512395;48.760330578512395
82;DUM;1216;18;52.106885919835555;48.971193415637856;48.760330578512395;48.760330578512395;48.760330578512395
83;DUM;1216;18;47.99588900308325;51.440329218106996;51.63934426229508;51.63934426229508;51.63934426229508
84;DUM;1216;18;47.99588900308325;51.440329218106996;51.63934426229508;51.63934426229508;51.63934426229508
85;DT;1216;18;99.58847736625515;99.18032786885246;100.0;98.36065573770492;99.17355371900827
86;DT;1216;18;99.48612538540597;99.1769547325103;100.0;98.34710743801654;99.16666666666667
87;DT;1216;18;99.38335046248716;100.0;100.0;100.0;100.0
88;DT;1216;18;99.07502569373074;97.53086419753086;100.0;95.08196721311475;97.47899159663865
89;DT;1216;18;99.69167523124358;99.58847736625515;100.0;99.18032786885246;99.58847736625515
90;NB;1216;18;99.38271604938271;99.18032786885246;100.0;98.36065573770492;99.17355371900827
91;NB;1216;18;99.48612538540597;99.1769547325103;99.17355371900827;99.17355371900827;99.17355371900827
92;NB;1216;18;99.28057553956835;98.76543209876543;97.58064516129032;100.0;98.77551020408163
93;NB;1216;18;99.28057553956835;100.0;100.0;100.0;100.0
94;NB;1216;18;99.48612538540597;99.58847736625515;100.0;99.18032786885246;99.58847736625515
95;KNN;1216;18;99.69135802469135;99.18032786885246;100.0;98.36065573770492;99.17355371900827
96;KNN;1216;18;99.69167523124358;99.58847736625515;100.0;99.17355371900827;99.5850622406639
97;KNN;1216;18;99.58890030832477;100.0;100.0;100.0;100.0
98;KNN;1216;18;99.58890030832477;100.0;100.0;100.0;100.0
99;KNN;1216;18;99.69167523124358;99.1769547325103;100.0;98.36065573770492;99.17355371900827
100;XGB;1216;18;98.97119341563786;97.95081967213115;97.5609756097561;98.36065573770492;97.95918367346938
101;XGB;1216;18;98.97225077081193;98.35390946502058;97.5609756097561;99.17355371900827;98.36065573770492
102;XGB;1216;18;98.7667009249743;98.76543209876543;97.58064516129032;100.0;98.77551020408163
103;XGB;1216;18;98.6639260020555;99.58847736625515;100.0;99.18032786885246;99.58847736625515
104;XGB;1216;18;98.6639260020555;99.1769547325103;100.0;98.36065573770492;99.17355371900827
105;RF;1216;18;99.1769547325103;97.95081967213115;97.5609756097561;98.36065573770492;97.95918367346938
106;RF;1216;18;99.07502569373074;98.35390946502058;97.5609756097561;99.17355371900827;98.36065573770492
107;RF;1216;18;99.07502569373074;98.76543209876543;97.58064516129032;100.0;98.77551020408163
108;RF;1216;18;98.7667009249743;99.58847736625515;100.0;99.18032786885246;99.58847736625515
109;RF;1216;18;98.86947584789311;99.1769547325103;100.0;98.36065573770492;99.17355371900827
110;MLP;1216;18;99.58847736625515;99.18032786885246;100.0;98.36065573770492;99.17355371900827
111;MLP;1216;18;99.58890030832477;99.1769547325103;100.0;98.34710743801654;99.16666666666667
112;MLP;1216;18;99.28057553956835;99.58847736625515;99.18032786885246;100.0;99.58847736625515
113;MLP;1216;18;99.28057553956835;99.58847736625515;100.0;99.18032786885246;99.58847736625515
114;MLP;1216;18;99.58890030832477;99.1769547325103;100.0;98.36065573770492;99.17355371900827
115;SVM;1216;18;99.79423868312757;99.18032786885246;100.0;98.36065573770492;99.17355371900827
116;SVM;1216;18;99.69167523124358;99.58847736625515;100.0;99.17355371900827;99.5850622406639
117;SVM;1216;18;99.58890030832477;100.0;100.0;100.0;100.0
118;SVM;1216;18;99.58890030832477;100.0;100.0;100.0;100.0
119;SVM;1216;18;99.69167523124358;99.58847736625515;100.0;99.18032786885246;99.58847736625515
120;DUM;128;171;48.03921568627451;69.23076923076923;66.66666666666666;76.92307692307693;71.42857142857143
121;DUM;128;171;48.03921568627451;69.23076923076923;66.66666666666666;76.92307692307693;71.42857142857143
122;DUM;128;171;48.03921568627451;69.23076923076923;66.66666666666666;76.92307692307693;71.42857142857143
123;DUM;128;171;48.54368932038835;72.0;66.66666666666666;83.33333333333334;74.07407407407408
124;DUM;128;171;50.48543689320388;32.0;30.0;23.076923076923077;26.08695652173913
125;DT;128;171;100.0;100.0;100.0;100.0;100.0
126;DT;128;171;100.0;100.0;100.0;100.0;100.0
127;DT;128;171;100.0;100.0;100.0;100.0;100.0
128;DT;128;171;100.0;100.0;100.0;100.0;100.0
129;DT;128;171;100.0;100.0;100.0;100.0;100.0
130;NB;128;171;100.0;100.0;100.0;100.0;100.0
131;NB;128;171;100.0;100.0;100.0;100.0;100.0
132;NB;128;171;100.0;100.0;100.0;100.0;100.0
133;NB;128;171;100.0;100.0;100.0;100.0;100.0
134;NB;128;171;100.0;100.0;100.0;100.0;100.0
135;KNN;128;171;100.0;100.0;100.0;100.0;100.0
136;KNN;128;171;100.0;100.0;100.0;100.0;100.0
137;KNN;128;171;100.0;100.0;100.0;100.0;100.0
138;KNN;128;171;100.0;100.0;100.0;100.0;100.0
139;KNN;128;171;100.0;100.0;100.0;100.0;100.0
140;XGB;128;171;100.0;100.0;100.0;100.0;100.0
141;XGB;128;171;100.0;100.0;100.0;100.0;100.0
142;XGB;128;171;100.0;100.0;100.0;100.0;100.0
143;XGB;128;171;100.0;100.0;100.0;100.0;100.0
144;XGB;128;171;100.0;96.0;100.0;92.3076923076923;96.0
145;RF;128;171;100.0;100.0;100.0;100.0;100.0
146;RF;128;171;100.0;100.0;100.0;100.0;100.0
147;RF;128;171;100.0;100.0;100.0;100.0;100.0
148;RF;128;171;100.0;100.0;100.0;100.0;100.0
149;RF;128;171;100.0;100.0;100.0;100.0;100.0
150;MLP;128;171;50.0;50.0;50.0;100.0;66.66666666666666
151;MLP;128;171;50.0;50.0;50.0;100.0;66.66666666666666
152;MLP;128;171;50.0;50.0;50.0;100.0;66.66666666666666
153;MLP;128;171;50.48543689320388;48.0;48.0;100.0;64.86486486486487
154;MLP;128;171;49.51456310679612;52.0;52.0;100.0;68.42105263157895
155;SVM;128;171;100.0;100.0;100.0;100.0;100.0
156;SVM;128;171;100.0;100.0;100.0;100.0;100.0
157;SVM;128;171;100.0;100.0;100.0;100.0;100.0
158;SVM;128;171;100.0;100.0;100.0;100.0;100.0
159;SVM;128;171;100.0;100.0;100.0;100.0;100.0
160;DUM;12;1824;66.66666666666666;33.33333333333333;0.0;0.0;0.0
161;DUM;12;1824;44.44444444444444;100.0;100.0;100.0;100.0
162;DUM;12;1824;50.0;0.0;0.0;0.0;0.0
163;DUM;12;1824;50.0;0.0;0.0;0.0;0.0
164;DUM;12;1824;50.0;0.0;0.0;0.0;0.0
165;DT;12;1824;100.0;100.0;100.0;100.0;100.0
166;DT;12;1824;100.0;100.0;100.0;100.0;100.0
167;DT;12;1824;100.0;100.0;100.0;100.0;100.0
168;DT;12;1824;100.0;100.0;100.0;100.0;100.0
169;DT;12;1824;100.0;100.0;100.0;100.0;100.0
170;NB;12;1824;100.0;100.0;100.0;100.0;100.0
171;NB;12;1824;100.0;100.0;100.0;100.0;100.0
172;NB;12;1824;100.0;100.0;100.0;100.0;100.0
173;NB;12;1824;100.0;100.0;100.0;100.0;100.0
174;NB;12;1824;100.0;100.0;100.0;100.0;100.0
175;KNN;12;1824;100.0;100.0;100.0;100.0;100.0
176;KNN;12;1824;100.0;100.0;100.0;100.0;100.0
177;KNN;12;1824;100.0;100.0;100.0;100.0;100.0
178;KNN;12;1824;100.0;100.0;100.0;100.0;100.0
179;KNN;12;1824;100.0;100.0;100.0;100.0;100.0
180;XGB;12;1824;55.55555555555556;33.33333333333333;33.33333333333333;100.0;50.0
181;XGB;12;1824;55.55555555555556;33.33333333333333;0.0;0.0;0.0
182;XGB;12;1824;50.0;50.0;0.0;0.0;0.0
183;XGB;12;1824;50.0;50.0;0.0;0.0;0.0
184;XGB;12;1824;50.0;50.0;0.0;0.0;0.0
185;RF;12;1824;100.0;100.0;100.0;100.0;100.0
186;RF;12;1824;100.0;100.0;100.0;100.0;100.0
187;RF;12;1824;100.0;100.0;100.0;100.0;100.0
188;RF;12;1824;100.0;100.0;100.0;100.0;100.0
189;RF;12;1824;100.0;100.0;100.0;100.0;100.0
190;MLP;12;1824;55.55555555555556;33.33333333333333;33.33333333333333;100.0;50.0
191;MLP;12;1824;55.55555555555556;33.33333333333333;0.0;0.0;0.0
192;MLP;12;1824;50.0;50.0;50.0;100.0;66.66666666666666
193;MLP;12;1824;50.0;50.0;50.0;100.0;66.66666666666666
194;MLP;12;1824;50.0;50.0;50.0;100.0;66.66666666666666
195;SVM;12;1824;100.0;100.0;100.0;100.0;100.0
196;SVM;12;1824;100.0;100.0;100.0;100.0;100.0
197;SVM;12;1824;100.0;100.0;100.0;100.0;100.0
198;SVM;12;1824;100.0;100.0;100.0;100.0;100.0
199;SVM;12;1824;100.0;100.0;100.0;100.0;100.0
200;DUM;1368;16;52.46800731261426;45.62043795620438;45.45454545454545;43.79562043795621;44.60966542750929
201;DUM;1368;16;52.46800731261426;45.62043795620438;45.45454545454545;43.79562043795621;44.60966542750929
202;DUM;1368;16;52.46800731261426;45.62043795620438;45.45454545454545;43.79562043795621;44.60966542750929
203;DUM;1368;16;52.51141552511416;45.78754578754579;45.45454545454545;44.11764705882353;44.776119402985074
204;DUM;1368;16;47.397260273972606;54.57875457875458;54.60992907801418;56.20437956204379;55.39568345323741
205;DT;1368;16;99.08592321755027;99.27007299270073;100.0;98.54014598540147;99.26470588235294
206;DT;1368;16;99.6343692870201;98.90510948905109;99.26470588235294;98.54014598540147;98.9010989010989
207;DT;1368;16;99.45155393053017;99.63503649635037;99.27536231884058;100.0;99.63636363636364
208;DT;1368;16;99.63470319634703;98.53479853479854;99.25373134328358;97.79411764705883;98.51851851851852
209;DT;1368;16;99.26940639269407;98.9010989010989;100.0;97.8102189781022;98.8929889298893
210;NB;1368;16;99.26873857404021;98.90510948905109;97.85714285714285;100.0;98.91696750902527
211;NB;1368;16;99.08592321755027;99.27007299270073;100.0;98.54014598540147;99.26470588235294
212;NB;1368;16;99.08592321755027;99.63503649635037;99.27536231884058;100.0;99.63636363636364
213;NB;1368;16;99.26940639269407;98.9010989010989;99.25925925925925;98.52941176470588;98.8929889298893
214;NB;1368;16;99.26940639269407;98.9010989010989;99.26470588235294;98.54014598540147;98.9010989010989
215;KNN;1368;16;99.6343692870201;99.27007299270073;100.0;98.54014598540147;99.26470588235294
216;KNN;1368;16;99.45155393053017;99.63503649635037;100.0;99.27007299270073;99.63369963369964
217;KNN;1368;16;99.6343692870201;99.63503649635037;99.27536231884058;100.0;99.63636363636364
218;KNN;1368;16;99.63470319634703;98.9010989010989;100.0;97.79411764705883;98.88475836431226
219;KNN;1368;16;99.81735159817352;99.26739926739927;100.0;98.54014598540147;99.26470588235294
220;XGB;1368;16;99.08592321755027;98.17518248175182;97.14285714285714;99.27007299270073;98.19494584837545
221;XGB;1368;16;98.81170018281536;99.27007299270073;100.0;98.54014598540147;99.26470588235294
222;XGB;1368;16;98.81170018281536;99.27007299270073;98.56115107913669;100.0;99.27536231884058
223;XGB;1368;16;98.9041095890411;98.16849816849816;99.24812030075188;97.05882352941177;98.14126394052045
224;XGB;1368;16;98.99543378995433;98.53479853479854;97.84172661870504;99.27007299270073;98.55072463768117
225;RF;1368;16;99.17733089579525;98.17518248175182;97.14285714285714;99.27007299270073;98.19494584837545
226;RF;1368;16;98.90310786106032;99.27007299270073;100.0;98.54014598540147;99.26470588235294
227;RF;1368;16;98.81170018281536;99.63503649635037;99.27536231884058;100.0;99.63636363636364
228;RF;1368;16;99.08675799086758;98.9010989010989;99.25925925925925;98.52941176470588;98.8929889298893
229;RF;1368;16;99.17808219178083;98.53479853479854;97.84172661870504;99.27007299270073;98.55072463768117
230;MLP;1368;16;99.17733089579525;99.27007299270073;100.0;98.54014598540147;99.26470588235294
231;MLP;1368;16;99.08592321755027;98.90510948905109;100.0;97.8102189781022;98.8929889298893
232;MLP;1368;16;99.08592321755027;99.63503649635037;100.0;99.27007299270073;99.63369963369964
233;MLP;1368;16;99.26940639269407;98.16849816849816;99.24812030075188;97.05882352941177;98.14126394052045
234;MLP;1368;16;99.17808219178083;99.26739926739927;100.0;98.54014598540147;99.26470588235294
235;SVM;1368;16;99.3601462522852;100.0;100.0;100.0;100.0
236;SVM;1368;16;99.45155393053017;99.27007299270073;100.0;98.54014598540147;99.26470588235294
237;SVM;1368;16;99.45155393053017;100.0;100.0;100.0;100.0
238;SVM;1368;16;99.72602739726028;98.9010989010989;100.0;97.79411764705883;98.88475836431226
239;SVM;1368;16;99.72602739726028;98.9010989010989;100.0;97.8102189781022;98.8929889298893
240;DUM;144;152;52.17391304347826;58.620689655172406;56.25;64.28571428571429;60.0
241;DUM;144;152;52.17391304347826;58.620689655172406;56.25;64.28571428571429;60.0
242;DUM;144;152;48.69565217391305;37.93103448275862;38.46153846153847;33.33333333333333;35.714285714285715
243;DUM;144;152;48.69565217391305;37.93103448275862;38.46153846153847;33.33333333333333;35.714285714285715
244;DUM;144;152;50.86206896551724;64.28571428571429;62.5;71.42857142857143;66.66666666666666
245;DT;144;152;100.0;100.0;100.0;100.0;100.0
246;DT;144;152;100.0;100.0;100.0;100.0;100.0
247;DT;144;152;100.0;100.0;100.0;100.0;100.0
248;DT;144;152;100.0;100.0;100.0;100.0;100.0
249;DT;144;152;100.0;100.0;100.0;100.0;100.0
250;NB;144;152;100.0;100.0;100.0;100.0;100.0
251;NB;144;152;100.0;100.0;100.0;100.0;100.0
252;NB;144;152;100.0;100.0;100.0;100.0;100.0
253;NB;144;152;100.0;100.0;100.0;100.0;100.0
254;NB;144;152;100.0;100.0;100.0;100.0;100.0
255;KNN;144;152;100.0;100.0;100.0;100.0;100.0
256;KNN;144;152;100.0;100.0;100.0;100.0;100.0
257;KNN;144;152;100.0;100.0;100.0;100.0;100.0
258;KNN;144;152;100.0;100.0;100.0;100.0;100.0
259;KNN;144;152;100.0;100.0;100.0;100.0;100.0
260;XGB;144;152;100.0;93.10344827586206;100.0;85.71428571428571;92.3076923076923
261;XGB;144;152;100.0;100.0;100.0;100.0;100.0
262;XGB;144;152;100.0;100.0;100.0;100.0;100.0
263;XGB;144;152;100.0;100.0;100.0;100.0;100.0
264;XGB;144;152;100.0;100.0;100.0;100.0;100.0
265;RF;144;152;100.0;100.0;100.0;100.0;100.0
266;RF;144;152;100.0;100.0;100.0;100.0;100.0
267;RF;144;152;100.0;100.0;100.0;100.0;100.0
268;RF;144;152;100.0;100.0;100.0;100.0;100.0
269;RF;144;152;100.0;100.0;100.0;100.0;100.0
270;MLP;144;152;50.43478260869565;48.275862068965516;48.275862068965516;100.0;65.11627906976744
271;MLP;144;152;50.43478260869565;48.275862068965516;48.275862068965516;100.0;65.11627906976744
272;MLP;144;152;49.56521739130435;51.724137931034484;51.724137931034484;100.0;68.18181818181817
273;MLP;144;152;49.56521739130435;51.724137931034484;51.724137931034484;100.0;68.18181818181817
274;MLP;144;152;50.0;50.0;50.0;100.0;66.66666666666666
275;SVM;144;152;100.0;100.0;100.0;100.0;100.0
276;SVM;144;152;100.0;100.0;100.0;100.0;100.0
277;SVM;144;152;100.0;100.0;100.0;100.0;100.0
278;SVM;144;152;100.0;100.0;100.0;100.0;100.0
279;SVM;144;152;100.0;100.0;100.0;100.0;100.0
280;DUM;152;144;47.93388429752066;54.83870967741935;52.94117647058824;60.0;56.25
281;DUM;152;144;52.892561983471076;41.935483870967744;42.857142857142854;37.5;40.0
282;DUM;152;144;46.72131147540984;60.0;58.82352941176471;66.66666666666666;62.5
283;DUM;152;144;46.72131147540984;60.0;58.82352941176471;66.66666666666666;62.5
284;DUM;152;144;46.72131147540984;60.0;58.82352941176471;66.66666666666666;62.5
285;DT;152;144;100.0;100.0;100.0;100.0;100.0
286;DT;152;144;100.0;100.0;100.0;100.0;100.0
287;DT;152;144;100.0;100.0;100.0;100.0;100.0
288;DT;152;144;100.0;100.0;100.0;100.0;100.0
289;DT;152;144;100.0;100.0;100.0;100.0;100.0
290;NB;152;144;100.0;100.0;100.0;100.0;100.0
291;NB;152;144;100.0;100.0;100.0;100.0;100.0
292;NB;152;144;100.0;100.0;100.0;100.0;100.0
293;NB;152;144;100.0;100.0;100.0;100.0;100.0
294;NB;152;144;100.0;100.0;100.0;100.0;100.0
295;KNN;152;144;100.0;100.0;100.0;100.0;100.0
296;KNN;152;144;100.0;100.0;100.0;100.0;100.0
297;KNN;152;144;100.0;100.0;100.0;100.0;100.0
298;KNN;152;144;100.0;100.0;100.0;100.0;100.0
299;KNN;152;144;100.0;100.0;100.0;100.0;100.0
300;XGB;152;144;100.0;100.0;100.0;100.0;100.0
301;XGB;152;144;100.0;96.7741935483871;100.0;93.75;96.7741935483871
302;XGB;152;144;100.0;100.0;100.0;100.0;100.0
303;XGB;152;144;100.0;100.0;100.0;100.0;100.0
304;XGB;152;144;100.0;100.0;100.0;100.0;100.0
305;RF;152;144;100.0;100.0;100.0;100.0;100.0
306;RF;152;144;100.0;100.0;100.0;100.0;100.0
307;RF;152;144;100.0;100.0;100.0;100.0;100.0
308;RF;152;144;100.0;100.0;100.0;100.0;100.0
309;RF;152;144;100.0;100.0;100.0;100.0;100.0
310;MLP;152;144;50.413223140495866;48.38709677419355;48.38709677419355;100.0;65.21739130434783
311;MLP;152;144;49.586776859504134;51.61290322580645;51.61290322580645;100.0;68.08510638297872
312;MLP;152;144;50.0;50.0;50.0;100.0;66.66666666666666
313;MLP;152;144;50.0;50.0;50.0;100.0;66.66666666666666
314;MLP;152;144;50.0;50.0;50.0;100.0;66.66666666666666
315;SVM;152;144;100.0;100.0;100.0;100.0;100.0
316;SVM;152;144;100.0;100.0;100.0;100.0;100.0
317;SVM;152;144;100.0;100.0;100.0;100.0;100.0
318;SVM;152;144;100.0;100.0;100.0;100.0;100.0
319;SVM;152;144;100.0;100.0;100.0;100.0;100.0
320;DUM;16;1368;41.66666666666667;25.0;0.0;0.0;0.0
321;DUM;16;1368;38.46153846153847;33.33333333333333;0.0;0.0;0.0
322;DUM;16;1368;38.46153846153847;33.33333333333333;0.0;0.0;0.0
323;DUM;16;1368;69.23076923076923;100.0;100.0;100.0;100.0
324;DUM;16;1368;69.23076923076923;100.0;100.0;100.0;100.0
325;DT;16;1368;100.0;100.0;100.0;100.0;100.0
326;DT;16;1368;100.0;100.0;100.0;100.0;100.0
327;DT;16;1368;100.0;100.0;100.0;100.0;100.0
328;DT;16;1368;100.0;100.0;100.0;100.0;100.0
329;DT;16;1368;100.0;100.0;100.0;100.0;100.0
330;NB;16;1368;100.0;100.0;100.0;100.0;100.0
331;NB;16;1368;100.0;100.0;100.0;100.0;100.0
332;NB;16;1368;100.0;100.0;100.0;100.0;100.0
333;NB;16;1368;100.0;100.0;100.0;100.0;100.0
334;NB;16;1368;100.0;100.0;100.0;100.0;100.0
335;KNN;16;1368;100.0;100.0;100.0;100.0;100.0
336;KNN;16;1368;100.0;100.0;100.0;100.0;100.0
337;KNN;16;1368;100.0;100.0;100.0;100.0;100.0
338;KNN;16;1368;100.0;100.0;100.0;100.0;100.0
339;KNN;16;1368;100.0;100.0;100.0;100.0;100.0
340;XGB;16;1368;50.0;50.0;0.0;0.0;0.0
341;XGB;16;1368;53.84615384615385;33.33333333333333;33.33333333333333;100.0;50.0
342;XGB;16;1368;53.84615384615385;33.33333333333333;33.33333333333333;100.0;50.0
343;XGB;16;1368;53.84615384615385;33.33333333333333;0.0;0.0;0.0
344;XGB;16;1368;53.84615384615385;33.33333333333333;0.0;0.0;0.0
345;RF;16;1368;100.0;100.0;100.0;100.0;100.0
346;RF;16;1368;100.0;100.0;100.0;100.0;100.0
347;RF;16;1368;100.0;100.0;100.0;100.0;100.0
348;RF;16;1368;100.0;100.0;100.0;100.0;100.0
349;RF;16;1368;100.0;100.0;100.0;100.0;100.0
350;MLP;16;1368;50.0;50.0;50.0;100.0;66.66666666666666
351;MLP;16;1368;53.84615384615385;33.33333333333333;33.33333333333333;100.0;50.0
352;MLP;16;1368;53.84615384615385;33.33333333333333;33.33333333333333;100.0;50.0
353;MLP;16;1368;100.0;100.0;100.0;100.0;100.0
354;MLP;16;1368;100.0;100.0;100.0;100.0;100.0
355;SVM;16;1368;100.0;100.0;100.0;100.0;100.0
356;SVM;16;1368;100.0;100.0;100.0;100.0;100.0
357;SVM;16;1368;100.0;100.0;100.0;100.0;100.0
358;SVM;16;1368;100.0;100.0;100.0;100.0;100.0
359;SVM;16;1368;100.0;100.0;100.0;100.0;100.0
360;DUM;171;128;48.175182481751825;54.285714285714285;52.63157894736842;58.82352941176471;55.55555555555556
361;DUM;171;128;52.55474452554745;48.57142857142857;50.0;44.44444444444444;47.05882352941176
362;DUM;171;128;47.10144927536232;52.94117647058824;52.63157894736842;58.82352941176471;55.55555555555556
363;DUM;171;128;47.10144927536232;52.94117647058824;52.63157894736842;58.82352941176471;55.55555555555556
364;DUM;171;128;47.10144927536232;52.94117647058824;52.63157894736842;58.82352941176471;55.55555555555556
365;DT;171;128;100.0;100.0;100.0;100.0;100.0
366;DT;171;128;100.0;100.0;100.0;100.0;100.0
367;DT;171;128;100.0;100.0;100.0;100.0;100.0
368;DT;171;128;100.0;100.0;100.0;100.0;100.0
369;DT;171;128;100.0;100.0;100.0;100.0;100.0
370;NB;171;128;100.0;100.0;100.0;100.0;100.0
371;NB;171;128;100.0;100.0;100.0;100.0;100.0
372;NB;171;128;100.0;100.0;100.0;100.0;100.0
373;NB;171;128;100.0;100.0;100.0;100.0;100.0
374;NB;171;128;100.0;100.0;100.0;100.0;100.0
375;KNN;171;128;100.0;100.0;100.0;100.0;100.0
376;KNN;171;128;100.0;100.0;100.0;100.0;100.0
377;KNN;171;128;100.0;100.0;100.0;100.0;100.0
378;KNN;171;128;100.0;100.0;100.0;100.0;100.0
379;KNN;171;128;100.0;100.0;100.0;100.0;100.0
380;XGB;171;128;100.0;100.0;100.0;100.0;100.0
381;XGB;171;128;100.0;100.0;100.0;100.0;100.0
382;XGB;171;128;100.0;100.0;100.0;100.0;100.0
383;XGB;171;128;100.0;94.11764705882352;100.0;88.23529411764706;93.75
384;XGB;171;128;100.0;100.0;100.0;100.0;100.0
385;RF;171;128;100.0;100.0;100.0;100.0;100.0
386;RF;171;128;100.0;100.0;100.0;100.0;100.0
387;RF;171;128;100.0;100.0;100.0;100.0;100.0
388;RF;171;128;100.0;100.0;100.0;100.0;100.0
389;RF;171;128;100.0;100.0;100.0;100.0;100.0
390;MLP;171;128;50.36496350364964;48.57142857142857;48.57142857142857;100.0;65.38461538461539
391;MLP;171;128;49.63503649635037;51.42857142857142;51.42857142857142;100.0;67.9245283018868
392;MLP;171;128;50.0;50.0;50.0;100.0;66.66666666666666
393;MLP;171;128;50.0;50.0;50.0;100.0;66.66666666666666
394;MLP;171;128;50.0;50.0;50.0;100.0;66.66666666666666
395;SVM;171;128;100.0;100.0;100.0;100.0;100.0
396;SVM;171;128;100.0;100.0;100.0;100.0;100.0
397;SVM;171;128;100.0;100.0;100.0;100.0;100.0
398;SVM;171;128;100.0;100.0;100.0;100.0;100.0
399;SVM;171;128;100.0;100.0;100.0;100.0;100.0
400;DUM;1824;12;49.76010966415353;45.20547945205479;44.88636363636363;43.40659340659341;44.134078212290504
401;DUM;1824;12;49.76010966415353;45.20547945205479;44.88636363636363;43.40659340659341;44.134078212290504
402;DUM;1824;12;50.308430431802606;55.06849315068493;55.026455026455025;56.830601092896174;55.91397849462365
403;DUM;1824;12;50.308430431802606;55.06849315068493;55.026455026455025;56.830601092896174;55.91397849462365
404;DUM;1824;12;49.65753424657534;45.05494505494506;44.88636363636363;43.40659340659341;44.134078212290504
405;DT;1824;12;98.49211788896504;97.53424657534246;98.87005649717514;96.15384615384616;97.49303621169916
406;DT;1824;12;98.62919808087732;98.35616438356163;98.88888888888889;97.8021978021978;98.34254143646409
407;DT;1824;12;98.62919808087732;98.63013698630137;100.0;97.26775956284153;98.61495844875347
408;DT;1824;12;98.56065798492118;99.45205479452055;100.0;98.90710382513662;99.45054945054946
409;DT;1824;12;98.63013698630137;97.8021978021978;99.43181818181817;96.15384615384616;97.76536312849163
410;NB;1824;12;98.56065798492118;98.63013698630137;97.83783783783784;99.45054945054946;98.63760217983652
411;NB;1824;12;98.4235777930089;99.17808219178083;98.90710382513662;99.45054945054946;99.17808219178083
412;NB;1824;12;98.56065798492118;98.63013698630137;98.9010989010989;98.36065573770492;98.63013698630137
413;NB;1824;12;98.62919808087732;98.35616438356163;98.36065573770492;98.36065573770492;98.36065573770492
414;NB;1824;12;98.6986301369863;98.07692307692307;98.88268156424581;97.25274725274726;98.06094182825484
415;KNN;1824;12;99.04043865661411;98.35616438356163;98.88888888888889;97.8021978021978;98.34254143646409
416;KNN;1824;12;99.10897875257025;99.17808219178083;100.0;98.35164835164835;99.16897506925207
417;KNN;1824;12;99.31459904043865;99.17808219178083;100.0;98.36065573770492;99.17355371900827
418;KNN;1824;12;99.10897875257025;98.9041095890411;99.4475138121547;98.36065573770492;98.9010989010989
419;KNN;1824;12;99.31506849315068;98.62637362637363;99.4413407821229;97.8021978021978;98.61495844875347
420;XGB;1824;12;98.35503769705277;97.80821917808218;98.33333333333333;97.25274725274726;97.79005524861878
421;XGB;1824;12;98.0123372172721;99.17808219178083;99.4475138121547;98.9010989010989;99.17355371900827
422;XGB;1824;12;98.28649760109664;97.80821917808218;98.34254143646409;97.26775956284153;97.8021978021978
423;XGB;1824;12;98.2179575051405;98.35616438356163;98.89502762430939;97.81420765027322;98.35164835164835
424;XGB;1824;12;98.42465753424658;97.52747252747253;98.32402234636871;96.7032967032967;97.50692520775624
425;RF;1824;12;98.56065798492118;98.08219178082192;98.34254143646409;97.8021978021978;98.07162534435263
426;RF;1824;12;98.2179575051405;99.45205479452055;99.45054945054946;99.45054945054946;99.45054945054946
427;RF;1824;12;98.56065798492118;98.08219178082192;98.88888888888889;97.26775956284153;98.07162534435263
428;RF;1824;12;98.49211788896504;98.63013698630137;98.9010989010989;98.36065573770492;98.63013698630137
429;RF;1824;12;98.56164383561644;98.07692307692307;98.88268156424581;97.25274725274726;98.06094182825484
430;MLP;1824;12;98.62919808087732;98.63013698630137;98.89502762430939;98.35164835164835;98.62258953168043
431;MLP;1824;12;98.49211788896504;99.17808219178083;99.4475138121547;98.9010989010989;99.17355371900827
432;MLP;1824;12;98.62919808087732;98.63013698630137;98.9010989010989;98.36065573770492;98.63013698630137
433;MLP;1824;12;98.69773817683345;98.63013698630137;99.44444444444444;97.81420765027322;98.62258953168043
434;MLP;1824;12;98.76712328767124;98.35164835164835;99.43820224719101;97.25274725274726;98.33333333333333
435;SVM;1824;12;98.62919808087732;98.63013698630137;99.4413407821229;97.8021978021978;98.61495844875347
436;SVM;1824;12;98.56065798492118;98.9041095890411;100.0;97.8021978021978;98.88888888888889
437;SVM;1824;12;98.56065798492118;98.9041095890411;100.0;97.81420765027322;98.89502762430939
438;SVM;1824;12;98.62919808087732;98.63013698630137;99.44444444444444;97.81420765027322;98.62258953168043
439;SVM;1824;12;98.76712328767124;98.07692307692307;99.43502824858757;96.7032967032967;98.05013927576601
440;DUM;18;1216;35.714285714285715;25.0;0.0;0.0;0.0
441;DUM;18;1216;35.714285714285715;25.0;0.0;0.0;0.0
442;DUM;18;1216;35.714285714285715;25.0;0.0;0.0;0.0
443;DUM;18;1216;40.0;33.33333333333333;0.0;0.0;0.0
444;DUM;18;1216;53.333333333333336;100.0;100.0;100.0;100.0
445;DT;18;1216;100.0;100.0;100.0;100.0;100.0
446;DT;18;1216;100.0;100.0;100.0;100.0;100.0
447;DT;18;1216;100.0;100.0;100.0;100.0;100.0
448;DT;18;1216;100.0;100.0;100.0;100.0;100.0
449;DT;18;1216;100.0;100.0;100.0;100.0;100.0
450;NB;18;1216;100.0;100.0;100.0;100.0;100.0
451;NB;18;1216;100.0;100.0;100.0;100.0;100.0
452;NB;18;1216;100.0;100.0;100.0;100.0;100.0
453;NB;18;1216;100.0;100.0;100.0;100.0;100.0
454;NB;18;1216;100.0;100.0;100.0;100.0;100.0
455;KNN;18;1216;100.0;100.0;100.0;100.0;100.0
456;KNN;18;1216;100.0;100.0;100.0;100.0;100.0
457;KNN;18;1216;100.0;100.0;100.0;100.0;100.0
458;KNN;18;1216;100.0;100.0;100.0;100.0;100.0
459;KNN;18;1216;100.0;100.0;100.0;100.0;100.0
460;XGB;18;1216;50.0;50.0;0.0;0.0;0.0
461;XGB;18;1216;50.0;50.0;0.0;0.0;0.0
462;XGB;18;1216;50.0;50.0;0.0;0.0;0.0
463;XGB;18;1216;53.333333333333336;33.33333333333333;33.33333333333333;100.0;50.0
464;XGB;18;1216;53.333333333333336;33.33333333333333;0.0;0.0;0.0
465;RF;18;1216;100.0;100.0;100.0;100.0;100.0
466;RF;18;1216;100.0;100.0;100.0;100.0;100.0
467;RF;18;1216;100.0;100.0;100.0;100.0;100.0
468;RF;18;1216;100.0;100.0;100.0;100.0;100.0
469;RF;18;1216;100.0;100.0;100.0;100.0;100.0
470;MLP;18;1216;50.0;50.0;50.0;100.0;66.66666666666666
471;MLP;18;1216;50.0;50.0;50.0;100.0;66.66666666666666
472;MLP;18;1216;50.0;50.0;50.0;100.0;66.66666666666666
473;MLP;18;1216;53.333333333333336;33.33333333333333;33.33333333333333;100.0;50.0
474;MLP;18;1216;93.33333333333333;100.0;100.0;100.0;100.0
475;SVM;18;1216;100.0;100.0;100.0;100.0;100.0
476;SVM;18;1216;100.0;100.0;100.0;100.0;100.0
477;SVM;18;1216;100.0;100.0;100.0;100.0;100.0
478;SVM;18;1216;100.0;100.0;100.0;100.0;100.0
479;SVM;18;1216;100.0;100.0;100.0;100.0;100.0
480;DUM;192;114;51.633986928104584;48.717948717948715;47.61904761904761;52.63157894736842;50.0
481;DUM;192;114;47.712418300653596;48.717948717948715;50.0;45.0;47.368421052631575
482;DUM;192;114;51.94805194805194;52.63157894736842;52.38095238095239;57.89473684210527;55.00000000000001
483;DUM;192;114;51.94805194805194;52.63157894736842;52.38095238095239;57.89473684210527;55.00000000000001
484;DUM;192;114;51.94805194805194;52.63157894736842;52.38095238095239;57.89473684210527;55.00000000000001
485;DT;192;114;100.0;100.0;100.0;100.0;100.0
486;DT;192;114;100.0;100.0;100.0;100.0;100.0
487;DT;192;114;100.0;100.0;100.0;100.0;100.0
488;DT;192;114;100.0;100.0;100.0;100.0;100.0
489;DT;192;114;100.0;100.0;100.0;100.0;100.0
490;NB;192;114;100.0;100.0;100.0;100.0;100.0
491;NB;192;114;100.0;100.0;100.0;100.0;100.0
492;NB;192;114;100.0;100.0;100.0;100.0;100.0
493;NB;192;114;100.0;100.0;100.0;100.0;100.0
494;NB;192;114;100.0;100.0;100.0;100.0;100.0
495;KNN;192;114;100.0;100.0;100.0;100.0;100.0
496;KNN;192;114;100.0;100.0;100.0;100.0;100.0
497;KNN;192;114;100.0;100.0;100.0;100.0;100.0
498;KNN;192;114;100.0;100.0;100.0;100.0;100.0
499;KNN;192;114;100.0;100.0;100.0;100.0;100.0
500;XGB;192;114;100.0;100.0;100.0;100.0;100.0
501;XGB;192;114;100.0;100.0;100.0;100.0;100.0
502;XGB;192;114;100.0;100.0;100.0;100.0;100.0
503;XGB;192;114;100.0;100.0;100.0;100.0;100.0
504;XGB;192;114;100.0;97.36842105263158;100.0;94.73684210526315;97.2972972972973
505;RF;192;114;100.0;100.0;100.0;100.0;100.0
506;RF;192;114;100.0;100.0;100.0;100.0;100.0
507;RF;192;114;100.0;100.0;100.0;100.0;100.0
508;RF;192;114;100.0;100.0;100.0;100.0;100.0
509;RF;192;114;100.0;100.0;100.0;100.0;100.0
510;MLP;192;114;50.326797385620914;48.717948717948715;48.717948717948715;100.0;65.51724137931035
511;MLP;192;114;49.673202614379086;51.28205128205128;51.28205128205128;100.0;67.79661016949152
512;MLP;192;114;50.0;50.0;50.0;100.0;66.66666666666666
513;MLP;192;114;50.0;50.0;50.0;100.0;66.66666666666666
514;MLP;192;114;50.0;50.0;50.0;100.0;66.66666666666666
515;SVM;192;114;100.0;100.0;100.0;100.0;100.0
516;SVM;192;114;100.0;100.0;100.0;100.0;100.0
517;SVM;192;114;100.0;100.0;100.0;100.0;100.0
518;SVM;192;114;100.0;100.0;100.0;100.0;100.0
519;SVM;192;114;100.0;100.0;100.0;100.0;100.0
520;DUM;19;1152;50.0;25.0;0.0;0.0;0.0
521;DUM;19;1152;50.0;25.0;0.0;0.0;0.0
522;DUM;19;1152;50.0;25.0;0.0;0.0;0.0
523;DUM;19;1152;50.0;25.0;0.0;0.0;0.0
524;DUM;19;1152;50.0;25.0;0.0;0.0;0.0
525;DT;19;1152;100.0;100.0;100.0;100.0;100.0
526;DT;19;1152;100.0;100.0;100.0;100.0;100.0
527;DT;19;1152;100.0;100.0;100.0;100.0;100.0
528;DT;19;1152;100.0;100.0;100.0;100.0;100.0
529;DT;19;1152;100.0;100.0;100.0;100.0;100.0
530;NB;19;1152;100.0;100.0;100.0;100.0;100.0
531;NB;19;1152;100.0;100.0;100.0;100.0;100.0
532;NB;19;1152;100.0;100.0;100.0;100.0;100.0
533;NB;19;1152;100.0;100.0;100.0;100.0;100.0
534;NB;19;1152;100.0;100.0;100.0;100.0;100.0
535;KNN;19;1152;100.0;100.0;100.0;100.0;100.0
536;KNN;19;1152;100.0;100.0;100.0;100.0;100.0
537;KNN;19;1152;100.0;100.0;100.0;100.0;100.0
538;KNN;19;1152;100.0;100.0;100.0;100.0;100.0
539;KNN;19;1152;100.0;100.0;100.0;100.0;100.0
540;XGB;19;1152;100.0;100.0;100.0;100.0;100.0
541;XGB;19;1152;100.0;100.0;100.0;100.0;100.0
542;XGB;19;1152;100.0;100.0;100.0;100.0;100.0
543;XGB;19;1152;100.0;75.0;100.0;50.0;66.66666666666666
544;XGB;19;1152;100.0;100.0;100.0;100.0;100.0
545;RF;19;1152;100.0;100.0;100.0;100.0;100.0
546;RF;19;1152;100.0;100.0;100.0;100.0;100.0
547;RF;19;1152;100.0;100.0;100.0;100.0;100.0
548;RF;19;1152;100.0;100.0;100.0;100.0;100.0
549;RF;19;1152;100.0;100.0;100.0;100.0;100.0
550;MLP;19;1152;50.0;50.0;50.0;100.0;66.66666666666666
551;MLP;19;1152;50.0;50.0;50.0;100.0;66.66666666666666
552;MLP;19;1152;50.0;50.0;50.0;100.0;66.66666666666666
553;MLP;19;1152;50.0;50.0;50.0;100.0;66.66666666666666
554;MLP;19;1152;50.0;50.0;50.0;100.0;66.66666666666666
555;SVM;19;1152;100.0;100.0;100.0;100.0;100.0
556;SVM;19;1152;100.0;100.0;100.0;100.0;100.0
557;SVM;19;1152;100.0;100.0;100.0;100.0;100.0
558;SVM;19;1152;100.0;100.0;100.0;100.0;100.0
559;SVM;19;1152;100.0;100.0;100.0;100.0;100.0
560;DUM;228;96;49.45054945054945;50.0;50.0;56.52173913043478;53.06122448979592
561;DUM;228;96;49.45054945054945;50.0;50.0;56.52173913043478;53.06122448979592
562;DUM;228;96;49.45054945054945;50.0;50.0;56.52173913043478;53.06122448979592
563;DUM;228;96;49.72677595628415;51.11111111111111;50.0;59.09090909090909;54.166666666666664
564;DUM;228;96;49.72677595628415;46.666666666666664;47.368421052631575;39.130434782608695;42.857142857142854
565;DT;228;96;100.0;100.0;100.0;100.0;100.0
566;DT;228;96;100.0;100.0;100.0;100.0;100.0
567;DT;228;96;100.0;100.0;100.0;100.0;100.0
568;DT;228;96;100.0;100.0;100.0;100.0;100.0
569;DT;228;96;100.0;100.0;100.0;100.0;100.0
570;NB;228;96;100.0;100.0;100.0;100.0;100.0
571;NB;228;96;100.0;100.0;100.0;100.0;100.0
572;NB;228;96;100.0;100.0;100.0;100.0;100.0
573;NB;228;96;100.0;100.0;100.0;100.0;100.0
574;NB;228;96;100.0;100.0;100.0;100.0;100.0
575;KNN;228;96;100.0;100.0;100.0;100.0;100.0
576;KNN;228;96;100.0;100.0;100.0;100.0;100.0
577;KNN;228;96;100.0;100.0;100.0;100.0;100.0
578;KNN;228;96;100.0;100.0;100.0;100.0;100.0
579;KNN;228;96;100.0;100.0;100.0;100.0;100.0
580;XGB;228;96;100.0;100.0;100.0;100.0;100.0
581;XGB;228;96;100.0;100.0;100.0;100.0;100.0
582;XGB;228;96;100.0;100.0;100.0;100.0;100.0
583;XGB;228;96;100.0;95.55555555555556;100.0;90.9090909090909;95.23809523809523
584;XGB;228;96;100.0;100.0;100.0;100.0;100.0
585;RF;228;96;100.0;100.0;100.0;100.0;100.0
586;RF;228;96;100.0;100.0;100.0;100.0;100.0
587;RF;228;96;100.0;100.0;100.0;100.0;100.0
588;RF;228;96;100.0;100.0;100.0;100.0;100.0
589;RF;228;96;100.0;100.0;100.0;100.0;100.0
590;MLP;228;96;50.0;50.0;50.0;100.0;66.66666666666666
591;MLP;228;96;50.0;50.0;50.0;100.0;66.66666666666666
592;MLP;228;96;50.0;50.0;50.0;100.0;66.66666666666666
593;MLP;228;96;50.27322404371585;48.888888888888886;48.888888888888886;100.0;65.67164179104478
594;MLP;228;96;49.72677595628415;51.11111111111111;51.11111111111111;100.0;67.64705882352942
595;SVM;228;96;100.0;100.0;100.0;100.0;100.0
596;SVM;228;96;100.0;100.0;100.0;100.0;100.0
597;SVM;228;96;100.0;100.0;100.0;100.0;100.0
598;SVM;228;96;100.0;100.0;100.0;100.0;100.0
599;SVM;228;96;100.0;100.0;100.0;100.0;100.0
600;DUM;24;912;63.1578947368421;60.0;50.0;50.0;50.0
601;DUM;24;912;63.1578947368421;60.0;50.0;50.0;50.0
602;DUM;24;912;31.57894736842105;60.0;66.66666666666666;66.66666666666666;66.66666666666666
603;DUM;24;912;31.57894736842105;60.0;66.66666666666666;66.66666666666666;66.66666666666666
604;DUM;24;912;65.0;25.0;0.0;0.0;0.0
605;DT;24;912;100.0;100.0;100.0;100.0;100.0
606;DT;24;912;100.0;100.0;100.0;100.0;100.0
607;DT;24;912;100.0;100.0;100.0;100.0;100.0
608;DT;24;912;100.0;100.0;100.0;100.0;100.0
609;DT;24;912;100.0;100.0;100.0;100.0;100.0
610;NB;24;912;100.0;100.0;100.0;100.0;100.0
611;NB;24;912;100.0;100.0;100.0;100.0;100.0
612;NB;24;912;100.0;100.0;100.0;100.0;100.0
613;NB;24;912;100.0;100.0;100.0;100.0;100.0
614;NB;24;912;100.0;100.0;100.0;100.0;100.0
615;KNN;24;912;100.0;100.0;100.0;100.0;100.0
616;KNN;24;912;100.0;100.0;100.0;100.0;100.0
617;KNN;24;912;100.0;100.0;100.0;100.0;100.0
618;KNN;24;912;100.0;100.0;100.0;100.0;100.0
619;KNN;24;912;100.0;100.0;100.0;100.0;100.0
620;XGB;24;912;100.0;100.0;100.0;100.0;100.0
621;XGB;24;912;100.0;60.0;0.0;0.0;0.0
622;XGB;24;912;100.0;100.0;100.0;100.0;100.0
623;XGB;24;912;100.0;100.0;100.0;100.0;100.0
624;XGB;24;912;100.0;100.0;100.0;100.0;100.0
625;RF;24;912;100.0;100.0;100.0;100.0;100.0
626;RF;24;912;100.0;100.0;100.0;100.0;100.0
627;RF;24;912;100.0;100.0;100.0;100.0;100.0
628;RF;24;912;100.0;100.0;100.0;100.0;100.0
629;RF;24;912;100.0;100.0;100.0;100.0;100.0
630;MLP;24;912;52.63157894736842;40.0;40.0;100.0;57.14285714285714
631;MLP;24;912;52.63157894736842;40.0;40.0;100.0;57.14285714285714
632;MLP;24;912;47.368421052631575;60.0;60.0;100.0;75.0
633;MLP;24;912;47.368421052631575;60.0;60.0;100.0;75.0
634;MLP;24;912;50.0;50.0;50.0;100.0;66.66666666666666
635;SVM;24;912;100.0;100.0;100.0;100.0;100.0
636;SVM;24;912;100.0;100.0;100.0;100.0;100.0
637;SVM;24;912;100.0;100.0;100.0;100.0;100.0
638;SVM;24;912;100.0;100.0;100.0;100.0;100.0
639;SVM;24;912;100.0;100.0;100.0;100.0;100.0
640;DUM;288;76;47.391304347826086;46.55172413793103;46.666666666666664;48.275862068965516;47.45762711864407
641;DUM;288;76;47.391304347826086;46.55172413793103;46.666666666666664;48.275862068965516;47.45762711864407
642;DUM;288;76;47.391304347826086;46.55172413793103;46.666666666666664;48.275862068965516;47.45762711864407
643;DUM;288;76;47.18614718614719;45.614035087719294;44.827586206896555;46.42857142857143;45.614035087719294
644;DUM;288;76;52.38095238095239;56.14035087719298;57.14285714285714;55.172413793103445;56.14035087719298
645;DT;288;76;100.0;100.0;100.0;100.0;100.0
646;DT;288;76;100.0;100.0;100.0;100.0;100.0
647;DT;288;76;100.0;100.0;100.0;100.0;100.0
648;DT;288;76;100.0;100.0;100.0;100.0;100.0
649;DT;288;76;100.0;100.0;100.0;100.0;100.0
650;NB;288;76;100.0;100.0;100.0;100.0;100.0
651;NB;288;76;100.0;100.0;100.0;100.0;100.0
652;NB;288;76;100.0;100.0;100.0;100.0;100.0
653;NB;288;76;100.0;100.0;100.0;100.0;100.0
654;NB;288;76;100.0;100.0;100.0;100.0;100.0
655;KNN;288;76;100.0;100.0;100.0;100.0;100.0
656;KNN;288;76;100.0;100.0;100.0;100.0;100.0
657;KNN;288;76;100.0;100.0;100.0;100.0;100.0
658;KNN;288;76;100.0;100.0;100.0;100.0;100.0
659;KNN;288;76;100.0;100.0;100.0;100.0;100.0
660;XGB;288;76;100.0;100.0;100.0;100.0;100.0
661;XGB;288;76;100.0;98.27586206896551;100.0;96.55172413793103;98.24561403508771
662;XGB;288;76;100.0;100.0;100.0;100.0;100.0
663;XGB;288;76;100.0;100.0;100.0;100.0;100.0
664;XGB;288;76;100.0;100.0;100.0;100.0;100.0
665;RF;288;76;100.0;100.0;100.0;100.0;100.0
666;RF;288;76;100.0;100.0;100.0;100.0;100.0
667;RF;288;76;100.0;100.0;100.0;100.0;100.0
668;RF;288;76;100.0;100.0;100.0;100.0;100.0
669;RF;288;76;100.0;100.0;100.0;100.0;100.0
670;MLP;288;76;50.0;50.0;50.0;100.0;66.66666666666666
671;MLP;288;76;50.0;50.0;50.0;100.0;66.66666666666666
672;MLP;288;76;50.0;50.0;50.0;100.0;66.66666666666666
673;MLP;288;76;50.21645021645021;49.122807017543856;49.122807017543856;100.0;65.88235294117646
674;MLP;288;76;49.78354978354979;50.877192982456144;50.877192982456144;100.0;67.44186046511628
675;SVM;288;76;100.0;100.0;100.0;100.0;100.0
676;SVM;288;76;100.0;100.0;100.0;100.0;100.0
677;SVM;288;76;100.0;100.0;100.0;100.0;100.0
678;SVM;288;76;100.0;100.0;100.0;100.0;100.0
679;SVM;288;76;100.0;100.0;100.0;100.0;100.0
680;DUM;304;72;48.559670781893004;49.18032786885246;48.484848484848484;53.333333333333336;50.79365079365079
681;DUM;304;72;48.559670781893004;49.18032786885246;48.484848484848484;53.333333333333336;50.79365079365079
682;DUM;304;72;51.028806584362144;52.459016393442624;53.57142857142857;48.38709677419355;50.847457627118644
683;DUM;304;72;51.028806584362144;52.459016393442624;53.57142857142857;48.38709677419355;50.847457627118644
684;DUM;304;72;49.18032786885246;46.666666666666664;46.875;50.0;48.38709677419355
685;DT;304;72;100.0;100.0;100.0;100.0;100.0
686;DT;304;72;100.0;100.0;100.0;100.0;100.0
687;DT;304;72;100.0;100.0;100.0;100.0;100.0
688;DT;304;72;100.0;100.0;100.0;100.0;100.0
689;DT;304;72;100.0;100.0;100.0;100.0;100.0
690;NB;304;72;100.0;100.0;100.0;100.0;100.0
691;NB;304;72;100.0;100.0;100.0;100.0;100.0
692;NB;304;72;100.0;100.0;100.0;100.0;100.0
693;NB;304;72;100.0;100.0;100.0;100.0;100.0
694;NB;304;72;100.0;100.0;100.0;100.0;100.0
695;KNN;304;72;100.0;100.0;100.0;100.0;100.0
696;KNN;304;72;100.0;100.0;100.0;100.0;100.0
697;KNN;304;72;100.0;100.0;100.0;100.0;100.0
698;KNN;304;72;100.0;100.0;100.0;100.0;100.0
699;KNN;304;72;100.0;100.0;100.0;100.0;100.0
700;XGB;304;72;100.0;100.0;100.0;100.0;100.0
701;XGB;304;72;100.0;100.0;100.0;100.0;100.0
702;XGB;304;72;100.0;100.0;100.0;100.0;100.0
703;XGB;304;72;100.0;100.0;100.0;100.0;100.0
704;XGB;304;72;100.0;98.33333333333333;100.0;96.66666666666667;98.30508474576271
705;RF;304;72;100.0;100.0;100.0;100.0;100.0
706;RF;304;72;100.0;100.0;100.0;100.0;100.0
707;RF;304;72;100.0;100.0;100.0;100.0;100.0
708;RF;304;72;100.0;100.0;100.0;100.0;100.0
709;RF;304;72;100.0;100.0;100.0;100.0;100.0
710;MLP;304;72;50.20576131687243;49.18032786885246;49.18032786885246;100.0;65.93406593406593
711;MLP;304;72;50.20576131687243;49.18032786885246;49.18032786885246;100.0;65.93406593406593
712;MLP;304;72;49.794238683127574;50.81967213114754;50.81967213114754;100.0;67.3913043478261
713;MLP;304;72;49.794238683127574;50.81967213114754;50.81967213114754;100.0;67.3913043478261
714;MLP;304;72;50.0;50.0;50.0;100.0;66.66666666666666
715;SVM;304;72;100.0;100.0;100.0;100.0;100.0
716;SVM;304;72;100.0;100.0;100.0;100.0;100.0
717;SVM;304;72;100.0;100.0;100.0;100.0;100.0
718;SVM;304;72;100.0;100.0;100.0;100.0;100.0
719;SVM;304;72;100.0;100.0;100.0;100.0;100.0
720;DUM;32;684;68.0;85.71428571428571;75.0;100.0;85.71428571428571
721;DUM;32;684;28.000000000000004;28.57142857142857;33.33333333333333;25.0;28.57142857142857
722;DUM;32;684;69.23076923076923;66.66666666666666;66.66666666666666;66.66666666666666;66.66666666666666
723;DUM;32;684;69.23076923076923;66.66666666666666;66.66666666666666;66.66666666666666;66.66666666666666
724;DUM;32;684;69.23076923076923;66.66666666666666;66.66666666666666;66.66666666666666;66.66666666666666
725;DT;32;684;100.0;100.0;100.0;100.0;100.0
726;DT;32;684;100.0;100.0;100.0;100.0;100.0
727;DT;32;684;100.0;100.0;100.0;100.0;100.0
728;DT;32;684;100.0;100.0;100.0;100.0;100.0
729;DT;32;684;100.0;100.0;100.0;100.0;100.0
730;NB;32;684;100.0;100.0;100.0;100.0;100.0
731;NB;32;684;100.0;100.0;100.0;100.0;100.0
732;NB;32;684;100.0;100.0;100.0;100.0;100.0
733;NB;32;684;100.0;100.0;100.0;100.0;100.0
734;NB;32;684;100.0;100.0;100.0;100.0;100.0
735;KNN;32;684;100.0;100.0;100.0;100.0;100.0
736;KNN;32;684;100.0;100.0;100.0;100.0;100.0
737;KNN;32;684;100.0;100.0;100.0;100.0;100.0
738;KNN;32;684;100.0;100.0;100.0;100.0;100.0
739;KNN;32;684;100.0;100.0;100.0;100.0;100.0
740;XGB;32;684;100.0;100.0;100.0;100.0;100.0
741;XGB;32;684;100.0;85.71428571428571;100.0;75.0;85.71428571428571
742;XGB;32;684;100.0;100.0;100.0;100.0;100.0
743;XGB;32;684;100.0;100.0;100.0;100.0;100.0
744;XGB;32;684;100.0;100.0;100.0;100.0;100.0
745;RF;32;684;100.0;100.0;100.0;100.0;100.0
746;RF;32;684;100.0;100.0;100.0;100.0;100.0
747;RF;32;684;100.0;100.0;100.0;100.0;100.0
748;RF;32;684;100.0;100.0;100.0;100.0;100.0
749;RF;32;684;100.0;100.0;100.0;100.0;100.0
750;MLP;32;684;52.0;42.857142857142854;42.857142857142854;100.0;60.0
751;MLP;32;684;48.0;57.14285714285714;57.14285714285714;100.0;72.72727272727273
752;MLP;32;684;50.0;50.0;50.0;100.0;66.66666666666666
753;MLP;32;684;50.0;50.0;50.0;100.0;66.66666666666666
754;MLP;32;684;50.0;50.0;50.0;100.0;66.66666666666666
755;SVM;32;684;100.0;100.0;100.0;100.0;100.0
756;SVM;32;684;100.0;100.0;100.0;100.0;100.0
757;SVM;32;684;100.0;100.0;100.0;100.0;100.0
758;SVM;32;684;100.0;100.0;100.0;100.0;100.0
759;SVM;32;684;100.0;100.0;100.0;100.0;100.0
760;DUM;342;64;45.42124542124542;50.72463768115942;50.0;55.88235294117647;52.77777777777778
761;DUM;342;64;54.21245421245421;50.72463768115942;51.61290322580645;45.714285714285715;48.484848484848484
762;DUM;342;64;45.62043795620438;48.529411764705884;48.64864864864865;52.94117647058824;50.70422535211267
763;DUM;342;64;45.62043795620438;48.529411764705884;48.64864864864865;52.94117647058824;50.70422535211267
764;DUM;342;64;45.62043795620438;48.529411764705884;48.64864864864865;52.94117647058824;50.70422535211267
765;DT;342;64;100.0;100.0;100.0;100.0;100.0
766;DT;342;64;100.0;100.0;100.0;100.0;100.0
767;DT;342;64;100.0;100.0;100.0;100.0;100.0
768;DT;342;64;100.0;100.0;100.0;100.0;100.0
769;DT;342;64;100.0;100.0;100.0;100.0;100.0
770;NB;342;64;100.0;100.0;100.0;100.0;100.0
771;NB;342;64;100.0;100.0;100.0;100.0;100.0
772;NB;342;64;100.0;100.0;100.0;100.0;100.0
773;NB;342;64;100.0;100.0;100.0;100.0;100.0
774;NB;342;64;100.0;100.0;100.0;100.0;100.0
775;KNN;342;64;100.0;100.0;100.0;100.0;100.0
776;KNN;342;64;100.0;100.0;100.0;100.0;100.0
777;KNN;342;64;100.0;100.0;100.0;100.0;100.0
778;KNN;342;64;100.0;100.0;100.0;100.0;100.0
779;KNN;342;64;100.0;100.0;100.0;100.0;100.0
780;XGB;342;64;100.0;97.10144927536231;100.0;94.11764705882352;96.96969696969697
781;XGB;342;64;100.0;100.0;100.0;100.0;100.0
782;XGB;342;64;100.0;100.0;100.0;100.0;100.0
783;XGB;342;64;100.0;100.0;100.0;100.0;100.0
784;XGB;342;64;100.0;100.0;100.0;100.0;100.0
785;RF;342;64;100.0;100.0;100.0;100.0;100.0
786;RF;342;64;100.0;100.0;100.0;100.0;100.0
787;RF;342;64;100.0;100.0;100.0;100.0;100.0
788;RF;342;64;100.0;100.0;100.0;100.0;100.0
789;RF;342;64;100.0;100.0;100.0;100.0;100.0
790;MLP;342;64;50.18315018315018;49.275362318840585;49.275362318840585;100.0;66.01941747572816
791;MLP;342;64;49.81684981684982;50.72463768115942;50.72463768115942;100.0;67.3076923076923
792;MLP;342;64;50.0;50.0;50.0;100.0;66.66666666666666
793;MLP;342;64;50.0;50.0;50.0;100.0;66.66666666666666
794;MLP;342;64;50.0;50.0;50.0;100.0;66.66666666666666
795;SVM;342;64;100.0;100.0;100.0;100.0;100.0
796;SVM;342;64;100.0;100.0;100.0;100.0;100.0
797;SVM;342;64;100.0;100.0;100.0;100.0;100.0
798;SVM;342;64;100.0;100.0;100.0;100.0;100.0
799;SVM;342;64;100.0;100.0;100.0;100.0;100.0
800;DUM;36;608;64.28571428571429;75.0;75.0;75.0;75.0
801;DUM;36;608;65.51724137931035;85.71428571428571;75.0;100.0;85.71428571428571
802;DUM;36;608;65.51724137931035;85.71428571428571;75.0;100.0;85.71428571428571
803;DUM;36;608;37.93103448275862;28.57142857142857;33.33333333333333;25.0;28.57142857142857
804;DUM;36;608;37.93103448275862;28.57142857142857;33.33333333333333;25.0;28.57142857142857
805;DT;36;608;100.0;100.0;100.0;100.0;100.0
806;DT;36;608;100.0;100.0;100.0;100.0;100.0
807;DT;36;608;100.0;100.0;100.0;100.0;100.0
808;DT;36;608;100.0;100.0;100.0;100.0;100.0
809;DT;36;608;100.0;100.0;100.0;100.0;100.0
810;NB;36;608;100.0;100.0;100.0;100.0;100.0
811;NB;36;608;100.0;100.0;100.0;100.0;100.0
812;NB;36;608;100.0;100.0;100.0;100.0;100.0
813;NB;36;608;100.0;100.0;100.0;100.0;100.0
814;NB;36;608;100.0;100.0;100.0;100.0;100.0
815;KNN;36;608;100.0;100.0;100.0;100.0;100.0
816;KNN;36;608;100.0;100.0;100.0;100.0;100.0
817;KNN;36;608;100.0;100.0;100.0;100.0;100.0
818;KNN;36;608;100.0;100.0;100.0;100.0;100.0
819;KNN;36;608;100.0;100.0;100.0;100.0;100.0
820;XGB;36;608;100.0;100.0;100.0;100.0;100.0
821;XGB;36;608;100.0;100.0;100.0;100.0;100.0
822;XGB;36;608;100.0;100.0;100.0;100.0;100.0
823;XGB;36;608;100.0;100.0;100.0;100.0;100.0
824;XGB;36;608;100.0;85.71428571428571;100.0;75.0;85.71428571428571
825;RF;36;608;100.0;100.0;100.0;100.0;100.0
826;RF;36;608;100.0;100.0;100.0;100.0;100.0
827;RF;36;608;100.0;100.0;100.0;100.0;100.0
828;RF;36;608;100.0;100.0;100.0;100.0;100.0
829;RF;36;608;100.0;100.0;100.0;100.0;100.0
830;MLP;36;608;50.0;50.0;50.0;100.0;66.66666666666666
831;MLP;36;608;51.724137931034484;42.857142857142854;42.857142857142854;100.0;60.0
832;MLP;36;608;51.724137931034484;42.857142857142854;42.857142857142854;100.0;60.0
833;MLP;36;608;48.275862068965516;57.14285714285714;57.14285714285714;100.0;72.72727272727273
834;MLP;36;608;48.275862068965516;57.14285714285714;57.14285714285714;100.0;72.72727272727273
835;SVM;36;608;100.0;100.0;100.0;100.0;100.0
836;SVM;36;608;100.0;100.0;100.0;100.0;100.0
837;SVM;36;608;100.0;100.0;100.0;100.0;100.0
838;SVM;36;608;100.0;100.0;100.0;100.0;100.0
839;SVM;36;608;100.0;100.0;100.0;100.0;100.0
840;DUM;384;57;43.97394136807817;48.05194805194805;47.5;50.0;48.717948717948715
841;DUM;384;57;43.97394136807817;48.05194805194805;47.5;50.0;48.717948717948715
842;DUM;384;57;56.35179153094463;53.246753246753244;54.054054054054056;51.28205128205128;52.63157894736842
843;DUM;384;57;56.35179153094463;53.246753246753244;54.054054054054056;51.28205128205128;52.63157894736842
844;DUM;384;57;43.506493506493506;47.368421052631575;47.5;50.0;48.717948717948715
845;DT;384;57;100.0;100.0;100.0;100.0;100.0
846;DT;384;57;100.0;100.0;100.0;100.0;100.0
847;DT;384;57;100.0;100.0;100.0;100.0;100.0
848;DT;384;57;100.0;100.0;100.0;100.0;100.0
849;DT;384;57;100.0;100.0;100.0;100.0;100.0
850;NB;384;57;100.0;100.0;100.0;100.0;100.0
851;NB;384;57;100.0;100.0;100.0;100.0;100.0
852;NB;384;57;100.0;100.0;100.0;100.0;100.0
853;NB;384;57;100.0;100.0;100.0;100.0;100.0
854;NB;384;57;100.0;100.0;100.0;100.0;100.0
855;KNN;384;57;100.0;100.0;100.0;100.0;100.0
856;KNN;384;57;100.0;100.0;100.0;100.0;100.0
857;KNN;384;57;100.0;100.0;100.0;100.0;100.0
858;KNN;384;57;100.0;100.0;100.0;100.0;100.0
859;KNN;384;57;100.0;100.0;100.0;100.0;100.0
860;XGB;384;57;100.0;98.7012987012987;100.0;97.36842105263158;98.66666666666667
861;XGB;384;57;100.0;100.0;100.0;100.0;100.0
862;XGB;384;57;100.0;100.0;100.0;100.0;100.0
863;XGB;384;57;100.0;100.0;100.0;100.0;100.0
864;XGB;384;57;100.0;100.0;100.0;100.0;100.0
865;RF;384;57;100.0;100.0;100.0;100.0;100.0
866;RF;384;57;100.0;100.0;100.0;100.0;100.0
867;RF;384;57;100.0;100.0;100.0;100.0;100.0
868;RF;384;57;100.0;100.0;100.0;100.0;100.0
869;RF;384;57;100.0;100.0;100.0;100.0;100.0
870;MLP;384;57;50.1628664495114;49.35064935064935;49.35064935064935;100.0;66.08695652173913
871;MLP;384;57;50.1628664495114;49.35064935064935;49.35064935064935;100.0;66.08695652173913
872;MLP;384;57;49.8371335504886;50.649350649350644;50.649350649350644;100.0;67.24137931034483
873;MLP;384;57;49.8371335504886;50.649350649350644;50.649350649350644;100.0;67.24137931034483
874;MLP;384;57;50.0;50.0;50.0;100.0;66.66666666666666
875;SVM;384;57;100.0;100.0;100.0;100.0;100.0
876;SVM;384;57;100.0;100.0;100.0;100.0;100.0
877;SVM;384;57;100.0;100.0;100.0;100.0;100.0
878;SVM;384;57;100.0;100.0;100.0;100.0;100.0
879;SVM;384;57;100.0;100.0;100.0;100.0;100.0
880;DUM;38;576;60.0;75.0;75.0;75.0;75.0
881;DUM;38;576;60.0;75.0;75.0;75.0;75.0
882;DUM;38;576;60.0;75.0;75.0;75.0;75.0
883;DUM;38;576;61.29032258064516;85.71428571428571;75.0;100.0;85.71428571428571
884;DUM;38;576;41.935483870967744;28.57142857142857;33.33333333333333;25.0;28.57142857142857
885;DT;38;576;100.0;100.0;100.0;100.0;100.0
886;DT;38;576;100.0;100.0;100.0;100.0;100.0
887;DT;38;576;100.0;100.0;100.0;100.0;100.0
888;DT;38;576;100.0;100.0;100.0;100.0;100.0
889;DT;38;576;100.0;100.0;100.0;100.0;100.0
890;NB;38;576;100.0;100.0;100.0;100.0;100.0
891;NB;38;576;100.0;100.0;100.0;100.0;100.0
892;NB;38;576;100.0;100.0;100.0;100.0;100.0
893;NB;38;576;100.0;100.0;100.0;100.0;100.0
894;NB;38;576;100.0;100.0;100.0;100.0;100.0
895;KNN;38;576;100.0;100.0;100.0;100.0;100.0
896;KNN;38;576;100.0;100.0;100.0;100.0;100.0
897;KNN;38;576;100.0;100.0;100.0;100.0;100.0
898;KNN;38;576;100.0;100.0;100.0;100.0;100.0
899;KNN;38;576;100.0;100.0;100.0;100.0;100.0
900;XGB;38;576;100.0;100.0;100.0;100.0;100.0
901;XGB;38;576;100.0;100.0;100.0;100.0;100.0
902;XGB;38;576;100.0;100.0;100.0;100.0;100.0
903;XGB;38;576;100.0;100.0;100.0;100.0;100.0
904;XGB;38;576;100.0;71.42857142857143;100.0;50.0;66.66666666666666
905;RF;38;576;100.0;100.0;100.0;100.0;100.0
906;RF;38;576;100.0;100.0;100.0;100.0;100.0
907;RF;38;576;100.0;100.0;100.0;100.0;100.0
908;RF;38;576;100.0;100.0;100.0;100.0;100.0
909;RF;38;576;100.0;100.0;100.0;100.0;100.0
910;MLP;38;576;50.0;50.0;50.0;100.0;66.66666666666666
911;MLP;38;576;50.0;50.0;50.0;100.0;66.66666666666666
912;MLP;38;576;50.0;50.0;50.0;100.0;66.66666666666666
913;MLP;38;576;51.61290322580645;42.857142857142854;42.857142857142854;100.0;60.0
914;MLP;38;576;48.38709677419355;57.14285714285714;57.14285714285714;100.0;72.72727272727273
915;SVM;38;576;100.0;100.0;100.0;100.0;100.0
916;SVM;38;576;100.0;100.0;100.0;100.0;100.0
917;SVM;38;576;100.0;100.0;100.0;100.0;100.0
918;SVM;38;576;100.0;100.0;100.0;100.0;100.0
919;SVM;38;576;100.0;100.0;100.0;100.0;100.0
920;DUM;456;48;45.05494505494506;46.73913043478261;46.93877551020408;50.0;48.421052631578945
921;DUM;456;48;44.93150684931507;47.25274725274725;46.93877551020408;51.11111111111111;48.93617021276596
922;DUM;456;48;44.93150684931507;47.25274725274725;46.93877551020408;51.11111111111111;48.93617021276596
923;DUM;456;48;54.794520547945204;53.84615384615385;54.761904761904766;50.0;52.27272727272727
924;DUM;456;48;54.794520547945204;53.84615384615385;54.761904761904766;50.0;52.27272727272727
925;DT;456;48;100.0;100.0;100.0;100.0;100.0
926;DT;456;48;100.0;100.0;100.0;100.0;100.0
927;DT;456;48;100.0;100.0;100.0;100.0;100.0
928;DT;456;48;100.0;100.0;100.0;100.0;100.0
929;DT;456;48;100.0;100.0;100.0;100.0;100.0
930;NB;456;48;100.0;100.0;100.0;100.0;100.0
931;NB;456;48;100.0;100.0;100.0;100.0;100.0
932;NB;456;48;100.0;100.0;100.0;100.0;100.0
933;NB;456;48;100.0;100.0;100.0;100.0;100.0
934;NB;456;48;100.0;100.0;100.0;100.0;100.0
935;KNN;456;48;100.0;100.0;100.0;100.0;100.0
936;KNN;456;48;100.0;100.0;100.0;100.0;100.0
937;KNN;456;48;100.0;100.0;100.0;100.0;100.0
938;KNN;456;48;100.0;100.0;100.0;100.0;100.0
939;KNN;456;48;100.0;100.0;100.0;100.0;100.0
940;XGB;456;48;100.0;98.91304347826086;100.0;97.82608695652173;98.9010989010989
941;XGB;456;48;100.0;100.0;100.0;100.0;100.0
942;XGB;456;48;100.0;100.0;100.0;100.0;100.0
943;XGB;456;48;100.0;100.0;100.0;100.0;100.0
944;XGB;456;48;100.0;100.0;100.0;100.0;100.0
945;RF;456;48;100.0;100.0;100.0;100.0;100.0
946;RF;456;48;100.0;100.0;100.0;100.0;100.0
947;RF;456;48;100.0;100.0;100.0;100.0;100.0
948;RF;456;48;100.0;100.0;100.0;100.0;100.0
949;RF;456;48;100.0;100.0;100.0;100.0;100.0
950;MLP;456;48;50.0;50.0;50.0;100.0;66.66666666666666
951;MLP;456;48;50.136986301369866;49.45054945054945;49.45054945054945;100.0;66.17647058823529
952;MLP;456;48;50.136986301369866;49.45054945054945;49.45054945054945;100.0;66.17647058823529
953;MLP;456;48;49.86301369863014;50.54945054945055;50.54945054945055;100.0;67.15328467153284
954;MLP;456;48;49.86301369863014;50.54945054945055;50.54945054945055;100.0;67.15328467153284
955;SVM;456;48;100.0;100.0;100.0;100.0;100.0
956;SVM;456;48;100.0;100.0;100.0;100.0;100.0
957;SVM;456;48;100.0;100.0;100.0;100.0;100.0
958;SVM;456;48;100.0;100.0;100.0;100.0;100.0
959;SVM;456;48;100.0;100.0;100.0;100.0;100.0
960;DUM;48;456;52.63157894736842;50.0;50.0;40.0;44.44444444444444
961;DUM;48;456;52.63157894736842;50.0;50.0;40.0;44.44444444444444
962;DUM;48;456;52.63157894736842;50.0;50.0;40.0;44.44444444444444
963;DUM;48;456;51.28205128205128;55.55555555555556;50.0;50.0;50.0
964;DUM;48;456;51.28205128205128;33.33333333333333;40.0;40.0;40.0
965;DT;48;456;100.0;100.0;100.0;100.0;100.0
966;DT;48;456;100.0;100.0;100.0;100.0;100.0
967;DT;48;456;100.0;100.0;100.0;100.0;100.0
968;DT;48;456;100.0;100.0;100.0;100.0;100.0
969;DT;48;456;100.0;100.0;100.0;100.0;100.0
970;NB;48;456;100.0;100.0;100.0;100.0;100.0
971;NB;48;456;100.0;100.0;100.0;100.0;100.0
972;NB;48;456;100.0;100.0;100.0;100.0;100.0
973;NB;48;456;100.0;100.0;100.0;100.0;100.0
974;NB;48;456;100.0;100.0;100.0;100.0;100.0
975;KNN;48;456;100.0;100.0;100.0;100.0;100.0
976;KNN;48;456;100.0;100.0;100.0;100.0;100.0
977;KNN;48;456;100.0;100.0;100.0;100.0;100.0
978;KNN;48;456;100.0;100.0;100.0;100.0;100.0
979;KNN;48;456;100.0;100.0;100.0;100.0;100.0
980;XGB;48;456;100.0;90.0;100.0;80.0;88.88888888888889
981;XGB;48;456;100.0;100.0;100.0;100.0;100.0
982;XGB;48;456;100.0;100.0;100.0;100.0;100.0
983;XGB;48;456;100.0;100.0;100.0;100.0;100.0
984;XGB;48;456;100.0;100.0;100.0;100.0;100.0
985;RF;48;456;100.0;100.0;100.0;100.0;100.0
986;RF;48;456;100.0;100.0;100.0;100.0;100.0
987;RF;48;456;100.0;100.0;100.0;100.0;100.0
988;RF;48;456;100.0;100.0;100.0;100.0;100.0
989;RF;48;456;100.0;100.0;100.0;100.0;100.0
990;MLP;48;456;50.0;50.0;50.0;100.0;66.66666666666666
991;MLP;48;456;50.0;50.0;50.0;100.0;66.66666666666666
992;MLP;48;456;50.0;50.0;50.0;100.0;66.66666666666666
993;MLP;48;456;51.28205128205128;44.44444444444444;44.44444444444444;100.0;61.53846153846154
994;MLP;48;456;48.717948717948715;55.55555555555556;55.55555555555556;100.0;71.42857142857143
995;SVM;48;456;100.0;100.0;100.0;100.0;100.0
996;SVM;48;456;100.0;100.0;100.0;100.0;100.0
997;SVM;48;456;100.0;100.0;100.0;100.0;100.0
998;SVM;48;456;100.0;100.0;100.0;100.0;100.0
999;SVM;48;456;100.0;100.0;100.0;100.0;100.0
1000;DUM;576;38;48.47826086956522;50.86206896551724;50.81967213114754;53.44827586206896;52.10084033613446
1001;DUM;576;38;48.590021691973966;51.30434782608696;50.81967213114754;54.385964912280706;52.54237288135594
1002;DUM;576;38;48.590021691973966;51.30434782608696;50.81967213114754;54.385964912280706;52.54237288135594
1003;DUM;576;38;51.19305856832972;47.82608695652174;48.148148148148145;44.827586206896555;46.42857142857143
1004;DUM;576;38;51.19305856832972;47.82608695652174;48.148148148148145;44.827586206896555;46.42857142857143
1005;DT;576;38;99.78260869565217;100.0;100.0;100.0;100.0
1006;DT;576;38;99.78308026030369;100.0;100.0;100.0;100.0
1007;DT;576;38;100.0;99.1304347826087;100.0;98.24561403508771;99.11504424778761
1008;DT;576;38;100.0;99.1304347826087;100.0;98.27586206896551;99.1304347826087
1009;DT;576;38;100.0;99.1304347826087;98.30508474576271;100.0;99.14529914529915
1010;NB;576;38;100.0;100.0;100.0;100.0;100.0
1011;NB;576;38;100.0;100.0;100.0;100.0;100.0
1012;NB;576;38;100.0;100.0;100.0;100.0;100.0
1013;NB;576;38;100.0;100.0;100.0;100.0;100.0
1014;NB;576;38;100.0;99.1304347826087;98.30508474576271;100.0;99.14529914529915
1015;KNN;576;38;100.0;100.0;100.0;100.0;100.0
1016;KNN;576;38;100.0;100.0;100.0;100.0;100.0
1017;KNN;576;38;100.0;100.0;100.0;100.0;100.0
1018;KNN;576;38;100.0;100.0;100.0;100.0;100.0
1019;KNN;576;38;100.0;100.0;100.0;100.0;100.0
1020;XGB;576;38;100.0;100.0;100.0;100.0;100.0
1021;XGB;576;38;100.0;100.0;100.0;100.0;100.0
1022;XGB;576;38;100.0;99.1304347826087;100.0;98.24561403508771;99.11504424778761
1023;XGB;576;38;100.0;99.1304347826087;100.0;98.27586206896551;99.1304347826087
1024;XGB;576;38;100.0;100.0;100.0;100.0;100.0
1025;RF;576;38;100.0;100.0;100.0;100.0;100.0
1026;RF;576;38;100.0;100.0;100.0;100.0;100.0
1027;RF;576;38;100.0;100.0;100.0;100.0;100.0
1028;RF;576;38;100.0;100.0;100.0;100.0;100.0
1029;RF;576;38;100.0;99.1304347826087;98.30508474576271;100.0;99.14529914529915
1030;MLP;576;38;100.0;100.0;100.0;100.0;100.0
1031;MLP;576;38;100.0;100.0;100.0;100.0;100.0
1032;MLP;576;38;100.0;100.0;100.0;100.0;100.0
1033;MLP;576;38;100.0;100.0;100.0;100.0;100.0
1034;MLP;576;38;100.0;100.0;100.0;100.0;100.0
1035;SVM;576;38;100.0;100.0;100.0;100.0;100.0
1036;SVM;576;38;100.0;100.0;100.0;100.0;100.0
1037;SVM;576;38;100.0;100.0;100.0;100.0;100.0
1038;SVM;576;38;100.0;100.0;100.0;100.0;100.0
1039;SVM;576;38;100.0;99.1304347826087;98.30508474576271;100.0;99.14529914529915
1040;DUM;57;384;50.0;41.66666666666667;40.0;33.33333333333333;36.36363636363637
1041;DUM;57;384;50.0;41.66666666666667;40.0;33.33333333333333;36.36363636363637
1042;DUM;57;384;50.0;41.66666666666667;40.0;33.33333333333333;36.36363636363637
1043;DUM;57;384;51.06382978723404;45.45454545454545;40.0;40.0;40.0
1044;DUM;57;384;51.06382978723404;45.45454545454545;50.0;50.0;50.0
1045;DT;57;384;100.0;100.0;100.0;100.0;100.0
1046;DT;57;384;100.0;100.0;100.0;100.0;100.0
1047;DT;57;384;100.0;100.0;100.0;100.0;100.0
1048;DT;57;384;100.0;100.0;100.0;100.0;100.0
1049;DT;57;384;100.0;100.0;100.0;100.0;100.0
1050;NB;57;384;100.0;100.0;100.0;100.0;100.0
1051;NB;57;384;100.0;100.0;100.0;100.0;100.0
1052;NB;57;384;100.0;100.0;100.0;100.0;100.0
1053;NB;57;384;100.0;100.0;100.0;100.0;100.0
1054;NB;57;384;100.0;100.0;100.0;100.0;100.0
1055;KNN;57;384;100.0;100.0;100.0;100.0;100.0
1056;KNN;57;384;100.0;100.0;100.0;100.0;100.0
1057;KNN;57;384;100.0;100.0;100.0;100.0;100.0
1058;KNN;57;384;100.0;100.0;100.0;100.0;100.0
1059;KNN;57;384;100.0;100.0;100.0;100.0;100.0
1060;XGB;57;384;100.0;91.66666666666666;100.0;83.33333333333334;90.9090909090909
1061;XGB;57;384;100.0;100.0;100.0;100.0;100.0
1062;XGB;57;384;100.0;100.0;100.0;100.0;100.0
1063;XGB;57;384;100.0;100.0;100.0;100.0;100.0
1064;XGB;57;384;100.0;100.0;100.0;100.0;100.0
1065;RF;57;384;100.0;100.0;100.0;100.0;100.0
1066;RF;57;384;100.0;100.0;100.0;100.0;100.0
1067;RF;57;384;100.0;100.0;100.0;100.0;100.0
1068;RF;57;384;100.0;100.0;100.0;100.0;100.0
1069;RF;57;384;100.0;100.0;100.0;100.0;100.0
1070;MLP;57;384;50.0;50.0;50.0;100.0;66.66666666666666
1071;MLP;57;384;50.0;50.0;50.0;100.0;66.66666666666666
1072;MLP;57;384;50.0;50.0;50.0;100.0;66.66666666666666
1073;MLP;57;384;51.06382978723404;45.45454545454545;45.45454545454545;100.0;62.5
1074;MLP;57;384;48.93617021276596;54.54545454545454;54.54545454545454;100.0;70.58823529411765
1075;SVM;57;384;100.0;100.0;100.0;100.0;100.0
1076;SVM;57;384;100.0;100.0;100.0;100.0;100.0
1077;SVM;57;384;100.0;100.0;100.0;100.0;100.0
1078;SVM;57;384;100.0;100.0;100.0;100.0;100.0
1079;SVM;57;384;100.0;100.0;100.0;100.0;100.0
1080;DUM;608;36;48.148148148148145;46.72131147540984;46.774193548387096;47.540983606557376;47.15447154471545
1081;DUM;608;36;48.148148148148145;46.72131147540984;46.774193548387096;47.540983606557376;47.15447154471545
1082;DUM;608;36;48.148148148148145;46.72131147540984;46.774193548387096;47.540983606557376;47.15447154471545
1083;DUM;608;36;48.25462012320328;47.107438016528924;46.774193548387096;48.333333333333336;47.540983606557376
1084;DUM;608;36;51.95071868583162;52.066115702479344;52.54237288135594;50.81967213114754;51.66666666666667
1085;DT;608;36;99.79423868312757;100.0;100.0;100.0;100.0
1086;DT;608;36;99.79423868312757;100.0;100.0;100.0;100.0
1087;DT;608;36;99.79423868312757;100.0;100.0;100.0;100.0
1088;DT;608;36;100.0;98.34710743801654;96.7741935483871;100.0;98.36065573770492
1089;DT;608;36;99.7946611909651;100.0;100.0;100.0;100.0
1090;NB;608;36;100.0;100.0;100.0;100.0;100.0
1091;NB;608;36;100.0;100.0;100.0;100.0;100.0
1092;NB;608;36;100.0;100.0;100.0;100.0;100.0
1093;NB;608;36;100.0;99.17355371900827;98.36065573770492;100.0;99.17355371900827
1094;NB;608;36;100.0;100.0;100.0;100.0;100.0
1095;KNN;608;36;100.0;100.0;100.0;100.0;100.0
1096;KNN;608;36;100.0;100.0;100.0;100.0;100.0
1097;KNN;608;36;100.0;100.0;100.0;100.0;100.0
1098;KNN;608;36;100.0;100.0;100.0;100.0;100.0
1099;KNN;608;36;100.0;100.0;100.0;100.0;100.0
1100;XGB;608;36;99.79423868312757;99.18032786885246;100.0;98.36065573770492;99.17355371900827
1101;XGB;608;36;99.79423868312757;100.0;100.0;100.0;100.0
1102;XGB;608;36;99.79423868312757;100.0;100.0;100.0;100.0
1103;XGB;608;36;100.0;99.17355371900827;98.36065573770492;100.0;99.17355371900827
1104;XGB;608;36;99.7946611909651;99.17355371900827;100.0;98.36065573770492;99.17355371900827
1105;RF;608;36;100.0;100.0;100.0;100.0;100.0
1106;RF;608;36;99.79423868312757;100.0;100.0;100.0;100.0
1107;RF;608;36;100.0;100.0;100.0;100.0;100.0
1108;RF;608;36;100.0;99.17355371900827;98.36065573770492;100.0;99.17355371900827
1109;RF;608;36;100.0;100.0;100.0;100.0;100.0
1110;MLP;608;36;99.79423868312757;100.0;100.0;100.0;100.0
1111;MLP;608;36;99.79423868312757;100.0;100.0;100.0;100.0
1112;MLP;608;36;99.79423868312757;100.0;100.0;100.0;100.0
1113;MLP;608;36;99.7946611909651;100.0;100.0;100.0;100.0
1114;MLP;608;36;100.0;99.17355371900827;100.0;98.36065573770492;99.17355371900827
1115;SVM;608;36;100.0;100.0;100.0;100.0;100.0
1116;SVM;608;36;100.0;100.0;100.0;100.0;100.0
1117;SVM;608;36;100.0;100.0;100.0;100.0;100.0
1118;SVM;608;36;100.0;100.0;100.0;100.0;100.0
1119;SVM;608;36;100.0;100.0;100.0;100.0;100.0
1120;DUM;64;342;45.09803921568628;30.76923076923077;20.0;16.666666666666664;18.181818181818183
1121;DUM;64;342;45.09803921568628;30.76923076923077;20.0;16.666666666666664;18.181818181818183
1122;DUM;64;342;52.94117647058824;61.53846153846154;62.5;71.42857142857143;66.66666666666666
1123;DUM;64;342;52.94117647058824;61.53846153846154;62.5;71.42857142857143;66.66666666666666
1124;DUM;64;342;46.15384615384615;41.66666666666667;40.0;33.33333333333333;36.36363636363637
1125;DT;64;342;100.0;100.0;100.0;100.0;100.0
1126;DT;64;342;100.0;100.0;100.0;100.0;100.0
1127;DT;64;342;100.0;100.0;100.0;100.0;100.0
1128;DT;64;342;100.0;100.0;100.0;100.0;100.0
1129;DT;64;342;100.0;100.0;100.0;100.0;100.0
1130;NB;64;342;100.0;100.0;100.0;100.0;100.0
1131;NB;64;342;100.0;100.0;100.0;100.0;100.0
1132;NB;64;342;100.0;100.0;100.0;100.0;100.0
1133;NB;64;342;100.0;100.0;100.0;100.0;100.0
1134;NB;64;342;100.0;100.0;100.0;100.0;100.0
1135;KNN;64;342;100.0;100.0;100.0;100.0;100.0
1136;KNN;64;342;100.0;100.0;100.0;100.0;100.0
1137;KNN;64;342;100.0;100.0;100.0;100.0;100.0
1138;KNN;64;342;100.0;100.0;100.0;100.0;100.0
1139;KNN;64;342;100.0;100.0;100.0;100.0;100.0
1140;XGB;64;342;100.0;100.0;100.0;100.0;100.0
1141;XGB;64;342;100.0;100.0;100.0;100.0;100.0
1142;XGB;64;342;100.0;100.0;100.0;100.0;100.0
1143;XGB;64;342;100.0;100.0;100.0;100.0;100.0
1144;XGB;64;342;100.0;91.66666666666666;100.0;83.33333333333334;90.9090909090909
1145;RF;64;342;100.0;100.0;100.0;100.0;100.0
1146;RF;64;342;100.0;100.0;100.0;100.0;100.0
1147;RF;64;342;100.0;100.0;100.0;100.0;100.0
1148;RF;64;342;100.0;100.0;100.0;100.0;100.0
1149;RF;64;342;100.0;100.0;100.0;100.0;100.0
1150;MLP;64;342;50.98039215686274;46.15384615384615;46.15384615384615;100.0;63.1578947368421
1151;MLP;64;342;50.98039215686274;46.15384615384615;46.15384615384615;100.0;63.1578947368421
1152;MLP;64;342;49.01960784313725;53.84615384615385;53.84615384615385;100.0;70.0
1153;MLP;64;342;49.01960784313725;53.84615384615385;53.84615384615385;100.0;70.0
1154;MLP;64;342;50.0;50.0;50.0;100.0;66.66666666666666
1155;SVM;64;342;100.0;100.0;100.0;100.0;100.0
1156;SVM;64;342;100.0;100.0;100.0;100.0;100.0
1157;SVM;64;342;100.0;100.0;100.0;100.0;100.0
1158;SVM;64;342;100.0;100.0;100.0;100.0;100.0
1159;SVM;64;342;100.0;100.0;100.0;100.0;100.0
1160;DUM;684;32;48.9945155393053;47.44525547445255;47.22222222222222;50.0;48.57142857142857
1161;DUM;684;32;48.9945155393053;47.44525547445255;47.22222222222222;50.0;48.57142857142857
1162;DUM;684;32;50.822669104204756;51.82481751824818;52.307692307692314;49.275362318840585;50.74626865671642
1163;DUM;684;32;50.822669104204756;51.82481751824818;52.307692307692314;49.275362318840585;50.74626865671642
1164;DUM;684;32;49.08759124087591;48.529411764705884;48.61111111111111;51.470588235294116;50.0
1165;DT;684;32;100.0;100.0;100.0;100.0;100.0
1166;DT;684;32;100.0;100.0;100.0;100.0;100.0
1167;DT;684;32;100.0;99.27007299270073;100.0;98.55072463768117;99.27007299270073
1168;DT;684;32;100.0;100.0;100.0;100.0;100.0
1169;DT;684;32;100.0;99.26470588235294;98.55072463768117;100.0;99.27007299270073
1170;NB;684;32;99.81718464351006;100.0;100.0;100.0;100.0
1171;NB;684;32;99.81718464351006;100.0;100.0;100.0;100.0
1172;NB;684;32;100.0;99.27007299270073;100.0;98.55072463768117;99.27007299270073
1173;NB;684;32;99.81718464351006;100.0;100.0;100.0;100.0
1174;NB;684;32;99.81751824817519;100.0;100.0;100.0;100.0
1175;KNN;684;32;99.81718464351006;100.0;100.0;100.0;100.0
1176;KNN;684;32;99.81718464351006;100.0;100.0;100.0;100.0
1177;KNN;684;32;100.0;99.27007299270073;100.0;98.55072463768117;99.27007299270073
1178;KNN;684;32;99.81718464351006;100.0;100.0;100.0;100.0
1179;KNN;684;32;99.81751824817519;100.0;100.0;100.0;100.0
1180;XGB;684;32;100.0;100.0;100.0;100.0;100.0
1181;XGB;684;32;100.0;100.0;100.0;100.0;100.0
1182;XGB;684;32;100.0;99.27007299270073;100.0;98.55072463768117;99.27007299270073
1183;XGB;684;32;99.81718464351006;100.0;100.0;100.0;100.0
1184;XGB;684;32;100.0;100.0;100.0;100.0;100.0
1185;RF;684;32;99.81718464351006;99.27007299270073;100.0;98.52941176470588;99.25925925925925
1186;RF;684;32;99.81718464351006;100.0;100.0;100.0;100.0
1187;RF;684;32;100.0;99.27007299270073;100.0;98.55072463768117;99.27007299270073
1188;RF;684;32;99.81718464351006;100.0;100.0;100.0;100.0
1189;RF;684;32;99.81751824817519;100.0;100.0;100.0;100.0
1190;MLP;684;32;99.81718464351006;100.0;100.0;100.0;100.0
1191;MLP;684;32;99.81718464351006;100.0;100.0;100.0;100.0
1192;MLP;684;32;100.0;99.27007299270073;100.0;98.55072463768117;99.27007299270073
1193;MLP;684;32;99.81718464351006;100.0;100.0;100.0;100.0
1194;MLP;684;32;99.81751824817519;100.0;100.0;100.0;100.0
1195;SVM;684;32;99.81718464351006;100.0;100.0;100.0;100.0
1196;SVM;684;32;99.81718464351006;100.0;100.0;100.0;100.0
1197;SVM;684;32;100.0;99.27007299270073;100.0;98.55072463768117;99.27007299270073
1198;SVM;684;32;99.81718464351006;100.0;100.0;100.0;100.0
1199;SVM;684;32;99.81751824817519;100.0;100.0;100.0;100.0
1200;DUM;72;304;43.859649122807014;46.666666666666664;42.857142857142854;42.857142857142854;42.857142857142854
1201;DUM;72;304;54.385964912280706;60.0;62.5;62.5;62.5
1202;DUM;72;304;46.55172413793103;35.714285714285715;33.33333333333333;28.57142857142857;30.76923076923077
1203;DUM;72;304;46.55172413793103;35.714285714285715;33.33333333333333;28.57142857142857;30.76923076923077
1204;DUM;72;304;46.55172413793103;35.714285714285715;33.33333333333333;28.57142857142857;30.76923076923077
1205;DT;72;304;100.0;100.0;100.0;100.0;100.0
1206;DT;72;304;100.0;100.0;100.0;100.0;100.0
1207;DT;72;304;100.0;100.0;100.0;100.0;100.0
1208;DT;72;304;100.0;100.0;100.0;100.0;100.0
1209;DT;72;304;100.0;100.0;100.0;100.0;100.0
1210;NB;72;304;100.0;100.0;100.0;100.0;100.0
1211;NB;72;304;100.0;100.0;100.0;100.0;100.0
1212;NB;72;304;100.0;100.0;100.0;100.0;100.0
1213;NB;72;304;100.0;100.0;100.0;100.0;100.0
1214;NB;72;304;100.0;100.0;100.0;100.0;100.0
1215;KNN;72;304;100.0;100.0;100.0;100.0;100.0
1216;KNN;72;304;100.0;100.0;100.0;100.0;100.0
1217;KNN;72;304;100.0;100.0;100.0;100.0;100.0
1218;KNN;72;304;100.0;100.0;100.0;100.0;100.0
1219;KNN;72;304;100.0;100.0;100.0;100.0;100.0
1220;XGB;72;304;100.0;100.0;100.0;100.0;100.0
1221;XGB;72;304;100.0;93.33333333333333;100.0;87.5;93.33333333333333
1222;XGB;72;304;100.0;100.0;100.0;100.0;100.0
1223;XGB;72;304;100.0;100.0;100.0;100.0;100.0
1224;XGB;72;304;100.0;100.0;100.0;100.0;100.0
1225;RF;72;304;100.0;100.0;100.0;100.0;100.0
1226;RF;72;304;100.0;100.0;100.0;100.0;100.0
1227;RF;72;304;100.0;100.0;100.0;100.0;100.0
1228;RF;72;304;100.0;100.0;100.0;100.0;100.0
1229;RF;72;304;100.0;100.0;100.0;100.0;100.0
1230;MLP;72;304;50.877192982456144;46.666666666666664;46.666666666666664;100.0;63.63636363636363
1231;MLP;72;304;49.122807017543856;53.333333333333336;53.333333333333336;100.0;69.56521739130434
1232;MLP;72;304;50.0;50.0;50.0;100.0;66.66666666666666
1233;MLP;72;304;50.0;50.0;50.0;100.0;66.66666666666666
1234;MLP;72;304;50.0;50.0;50.0;100.0;66.66666666666666
1235;SVM;72;304;100.0;100.0;100.0;100.0;100.0
1236;SVM;72;304;100.0;100.0;100.0;100.0;100.0
1237;SVM;72;304;100.0;100.0;100.0;100.0;100.0
1238;SVM;72;304;100.0;100.0;100.0;100.0;100.0
1239;SVM;72;304;100.0;100.0;100.0;100.0;100.0
1240;DUM;76;288;46.666666666666664;50.0;50.0;50.0;50.0
1241;DUM;76;288;47.540983606557376;46.666666666666664;42.857142857142854;42.857142857142854;42.857142857142854
1242;DUM;76;288;47.540983606557376;46.666666666666664;42.857142857142854;42.857142857142854;42.857142857142854
1243;DUM;76;288;50.81967213114754;60.0;62.5;62.5;62.5
1244;DUM;76;288;50.81967213114754;60.0;62.5;62.5;62.5
1245;DT;76;288;100.0;100.0;100.0;100.0;100.0
1246;DT;76;288;100.0;100.0;100.0;100.0;100.0
1247;DT;76;288;100.0;100.0;100.0;100.0;100.0
1248;DT;76;288;100.0;100.0;100.0;100.0;100.0
1249;DT;76;288;100.0;100.0;100.0;100.0;100.0
1250;NB;76;288;100.0;100.0;100.0;100.0;100.0
1251;NB;76;288;100.0;100.0;100.0;100.0;100.0
1252;NB;76;288;100.0;100.0;100.0;100.0;100.0
1253;NB;76;288;100.0;100.0;100.0;100.0;100.0
1254;NB;76;288;100.0;100.0;100.0;100.0;100.0
1255;KNN;76;288;100.0;100.0;100.0;100.0;100.0
1256;KNN;76;288;100.0;100.0;100.0;100.0;100.0
1257;KNN;76;288;100.0;100.0;100.0;100.0;100.0
1258;KNN;76;288;100.0;100.0;100.0;100.0;100.0
1259;KNN;76;288;100.0;100.0;100.0;100.0;100.0
1260;XGB;76;288;100.0;100.0;100.0;100.0;100.0
1261;XGB;76;288;100.0;93.33333333333333;100.0;85.71428571428571;92.3076923076923
1262;XGB;76;288;100.0;100.0;100.0;100.0;100.0
1263;XGB;76;288;100.0;100.0;100.0;100.0;100.0
1264;XGB;76;288;100.0;100.0;100.0;100.0;100.0
1265;RF;76;288;100.0;100.0;100.0;100.0;100.0
1266;RF;76;288;100.0;100.0;100.0;100.0;100.0
1267;RF;76;288;100.0;100.0;100.0;100.0;100.0
1268;RF;76;288;100.0;100.0;100.0;100.0;100.0
1269;RF;76;288;100.0;100.0;100.0;100.0;100.0
1270;MLP;76;288;50.0;50.0;50.0;100.0;66.66666666666666
1271;MLP;76;288;50.81967213114754;46.666666666666664;46.666666666666664;100.0;63.63636363636363
1272;MLP;76;288;50.81967213114754;46.666666666666664;46.666666666666664;100.0;63.63636363636363
1273;MLP;76;288;49.18032786885246;53.333333333333336;53.333333333333336;100.0;69.56521739130434
1274;MLP;76;288;49.18032786885246;53.333333333333336;53.333333333333336;100.0;69.56521739130434
1275;SVM;76;288;100.0;100.0;100.0;100.0;100.0
1276;SVM;76;288;100.0;100.0;100.0;100.0;100.0
1277;SVM;76;288;100.0;100.0;100.0;100.0;100.0
1278;SVM;76;288;100.0;100.0;100.0;100.0;100.0
1279;SVM;76;288;100.0;100.0;100.0;100.0;100.0
1280;DUM;912;24;51.30315500685872;49.72677595628415;49.48453608247423;52.74725274725275;51.06382978723404
1281;DUM;912;24;48.559670781893004;50.81967213114754;51.162790697674424;47.82608695652174;49.43820224719101
1282;DUM;912;24;51.50684931506849;49.45054945054945;49.48453608247423;52.74725274725275;51.06382978723404
1283;DUM;912;24;51.50684931506849;49.45054945054945;49.48453608247423;52.74725274725275;51.06382978723404
1284;DUM;912;24;51.50684931506849;49.45054945054945;49.48453608247423;52.74725274725275;51.06382978723404
1285;DT;912;24;99.58847736625515;100.0;100.0;100.0;100.0
1286;DT;912;24;99.58847736625515;98.90710382513662;100.0;97.82608695652173;98.9010989010989
1287;DT;912;24;99.58904109589041;97.8021978021978;95.78947368421052;100.0;97.84946236559139
1288;DT;912;24;99.72602739726028;98.9010989010989;100.0;97.8021978021978;98.88888888888889
1289;DT;912;24;99.58904109589041;99.45054945054946;98.91304347826086;100.0;99.4535519125683
1290;NB;912;24;100.0;100.0;100.0;100.0;100.0
1291;NB;912;24;100.0;100.0;100.0;100.0;100.0
1292;NB;912;24;99.86301369863013;100.0;100.0;100.0;100.0
1293;NB;912;24;100.0;100.0;100.0;100.0;100.0
1294;NB;912;24;100.0;100.0;100.0;100.0;100.0
1295;KNN;912;24;99.86282578875172;100.0;100.0;100.0;100.0
1296;KNN;912;24;100.0;100.0;100.0;100.0;100.0
1297;KNN;912;24;100.0;100.0;100.0;100.0;100.0
1298;KNN;912;24;100.0;100.0;100.0;100.0;100.0
1299;KNN;912;24;100.0;100.0;100.0;100.0;100.0
1300;XGB;912;24;99.31412894375858;100.0;100.0;100.0;100.0
1301;XGB;912;24;99.45130315500685;99.4535519125683;100.0;98.91304347826086;99.4535519125683
1302;XGB;912;24;99.58904109589041;97.8021978021978;95.78947368421052;100.0;97.84946236559139
1303;XGB;912;24;99.72602739726028;98.9010989010989;100.0;97.8021978021978;98.88888888888889
1304;XGB;912;24;99.58904109589041;100.0;100.0;100.0;100.0
1305;RF;912;24;99.72565157750343;99.4535519125683;100.0;98.9010989010989;99.4475138121547
1306;RF;912;24;99.86282578875172;99.4535519125683;98.9247311827957;100.0;99.45945945945947
1307;RF;912;24;99.72602739726028;97.8021978021978;95.78947368421052;100.0;97.84946236559139
1308;RF;912;24;99.72602739726028;100.0;100.0;100.0;100.0
1309;RF;912;24;99.72602739726028;100.0;100.0;100.0;100.0
1310;MLP;912;24;99.58847736625515;99.4535519125683;100.0;98.9010989010989;99.4475138121547
1311;MLP;912;24;99.58847736625515;99.4535519125683;100.0;98.91304347826086;99.4535519125683
1312;MLP;912;24;99.72602739726028;100.0;100.0;100.0;100.0
1313;MLP;912;24;99.72602739726028;98.9010989010989;100.0;97.8021978021978;98.88888888888889
1314;MLP;912;24;99.45205479452055;100.0;100.0;100.0;100.0
1315;SVM;912;24;100.0;99.4535519125683;100.0;98.9010989010989;99.4475138121547
1316;SVM;912;24;99.86282578875172;100.0;100.0;100.0;100.0
1317;SVM;912;24;99.86301369863013;100.0;100.0;100.0;100.0
1318;SVM;912;24;99.86301369863013;100.0;100.0;100.0;100.0
1319;SVM;912;24;99.86301369863013;100.0;100.0;100.0;100.0
1320;DUM;96;228;47.368421052631575;65.0;63.63636363636363;70.0;66.66666666666666
1321;DUM;96;228;46.75324675324675;63.1578947368421;60.0;66.66666666666666;63.1578947368421
1322;DUM;96;228;46.75324675324675;63.1578947368421;60.0;66.66666666666666;63.1578947368421
1323;DUM;96;228;51.94805194805194;42.10526315789473;44.44444444444444;40.0;42.10526315789473
1324;DUM;96;228;51.94805194805194;42.10526315789473;44.44444444444444;40.0;42.10526315789473
1325;DT;96;228;100.0;100.0;100.0;100.0;100.0
1326;DT;96;228;100.0;100.0;100.0;100.0;100.0
1327;DT;96;228;100.0;100.0;100.0;100.0;100.0
1328;DT;96;228;100.0;100.0;100.0;100.0;100.0
1329;DT;96;228;100.0;100.0;100.0;100.0;100.0
1330;NB;96;228;100.0;100.0;100.0;100.0;100.0
1331;NB;96;228;100.0;100.0;100.0;100.0;100.0
1332;NB;96;228;100.0;100.0;100.0;100.0;100.0
1333;NB;96;228;100.0;100.0;100.0;100.0;100.0
1334;NB;96;228;100.0;100.0;100.0;100.0;100.0
1335;KNN;96;228;100.0;100.0;100.0;100.0;100.0
1336;KNN;96;228;100.0;100.0;100.0;100.0;100.0
1337;KNN;96;228;100.0;100.0;100.0;100.0;100.0
1338;KNN;96;228;100.0;100.0;100.0;100.0;100.0
1339;KNN;96;228;100.0;100.0;100.0;100.0;100.0
1340;XGB;96;228;100.0;100.0;100.0;100.0;100.0
1341;XGB;96;228;100.0;100.0;100.0;100.0;100.0
1342;XGB;96;228;100.0;100.0;100.0;100.0;100.0
1343;XGB;96;228;100.0;100.0;100.0;100.0;100.0
1344;XGB;96;228;100.0;94.73684210526315;100.0;90.0;94.73684210526315
1345;RF;96;228;100.0;100.0;100.0;100.0;100.0
1346;RF;96;228;100.0;100.0;100.0;100.0;100.0
1347;RF;96;228;100.0;100.0;100.0;100.0;100.0
1348;RF;96;228;100.0;100.0;100.0;100.0;100.0
1349;RF;96;228;100.0;100.0;100.0;100.0;100.0
1350;MLP;96;228;50.0;50.0;50.0;100.0;66.66666666666666
1351;MLP;96;228;50.649350649350644;47.368421052631575;47.368421052631575;100.0;64.28571428571429
1352;MLP;96;228;50.649350649350644;47.368421052631575;47.368421052631575;100.0;64.28571428571429
1353;MLP;96;228;49.35064935064935;52.63157894736842;52.63157894736842;100.0;68.96551724137932
1354;MLP;96;228;49.35064935064935;52.63157894736842;52.63157894736842;100.0;68.96551724137932
1355;SVM;96;228;100.0;100.0;100.0;100.0;100.0
1356;SVM;96;228;100.0;100.0;100.0;100.0;100.0
1357;SVM;96;228;100.0;100.0;100.0;100.0;100.0
1358;SVM;96;228;100.0;100.0;100.0;100.0;100.0
1359;SVM;96;228;100.0;100.0;100.0;100.0;100.0
